province,month,suhu_rata_rata_c,suhu_maksimum_c,suhu_minimum_c,kelembapan_rata_rata_persen,curah_hujan_mm,kecepatan_angin_maks_kmh,radiasi_matahari_mj,luas_panen,produksi,produktivitas,suhu_rata_rata_c_lag_1,suhu_rata_rata_c_lag_2,suhu_rata_rata_c_lag_3,curah_hujan_mm_lag_1,curah_hujan_mm_lag_2,curah_hujan_mm_lag_3,kelembapan_rata_rata_persen_lag_1,kelembapan_rata_rata_persen_lag_2,kelembapan_rata_rata_persen_lag_3,kecepatan_angin_maks_kmh_lag_1,kecepatan_angin_maks_kmh_lag_2,kecepatan_angin_maks_kmh_lag_3,radiasi_matahari_mj_lag_1,radiasi_matahari_mj_lag_2,radiasi_matahari_mj_lag_3
Aceh,2024-01,26.664516129,30.4032258065,23.7451612903,82.2580645161,156.3,16.0677419355,18.3690322581,26489.117499999997,146442.75583333333,55.28,,,,,,,,,,,,,,,
Aceh,2024-02,27.7,31.6517241379,24.3310344828,76.724137931,53.0,18.7344827586,21.2686206897,26489.117499999997,146442.75583333333,55.28,26.664516129,,,156.3,,,82.2580645161,,,16.0677419355,,,18.3690322581,,
Aceh,2024-03,27.9419354839,32.2709677419,24.4870967742,78.6129032258,80.3,14.6838709677,21.16,26489.117499999997,146442.75583333333,55.28,27.7,26.664516129,,53.0,156.3,,76.724137931,82.2580645161,,18.7344827586,16.0677419355,,21.2686206897,18.3690322581,
Aceh,2024-04,28.2933333333,32.4633333333,25.2066666667,80.2666666667,91.5,11.8,20.803,26489.117499999997,146442.75583333333,55.28,27.9419354839,27.7,26.664516129,80.3,53.0,156.3,78.6129032258,76.724137931,82.2580645161,14.6838709677,18.7344827586,16.0677419355,21.16,21.2686206897,18.3690322581
Aceh,2024-05,28.3,32.1064516129,25.7193548387,81.935483871,200.0,13.5806451613,17.1422580645,26489.117499999997,146442.75583333333,55.28,28.2933333333,27.9419354839,27.7,91.5,80.3,53.0,80.2666666667,78.6129032258,76.724137931,11.8,14.6838709677,18.7344827586,20.803,21.16,21.2686206897
Aceh,2024-06,29.38,33.4533333333,26.3033333333,68.4666666667,24.0,18.0166666667,19.2613333333,26489.117499999997,146442.75583333333,55.28,28.3,28.2933333333,27.9419354839,200.0,91.5,80.3,81.935483871,80.2666666667,78.6129032258,13.5806451613,11.8,14.6838709677,17.1422580645,20.803,21.16
Aceh,2024-07,30.0225806452,34.3451612903,26.7387096774,62.6451612903,53.5,19.9032258065,20.1429032258,26489.117499999997,146442.75583333333,55.28,29.38,28.3,28.2933333333,24.0,200.0,91.5,68.4666666667,81.935483871,80.2666666667,18.0166666667,13.5806451613,11.8,19.2613333333,17.1422580645,20.803
Aceh,2024-08,27.8290322581,31.6935483871,24.9516129032,75.8709677419,165.7,15.912903225800001,18.36,26489.117499999997,146442.75583333333,55.28,30.0225806452,29.38,28.3,53.5,24.0,200.0,62.6451612903,68.4666666667,81.935483871,19.9032258065,18.0166666667,13.5806451613,20.1429032258,19.2613333333,17.1422580645
Aceh,2024-09,27.636666666700002,31.0266666667,25.24,77.1333333333,186.0,19.96,17.5753333333,26489.117499999997,146442.75583333333,55.28,27.8290322581,30.0225806452,29.38,165.7,53.5,24.0,75.8709677419,62.6451612903,68.4666666667,15.912903225800001,19.9032258065,18.0166666667,18.36,20.1429032258,19.2613333333
Aceh,2024-10,27.2903225806,30.7419354839,24.7741935484,79.5161290323,234.0,14.6032258065,18.6796774194,26489.117499999997,146442.75583333333,55.28,27.636666666700002,27.8290322581,30.0225806452,186.0,165.7,53.5,77.1333333333,75.8709677419,62.6451612903,19.96,15.912903225800001,19.9032258065,17.5753333333,18.36,20.1429032258
Aceh,2024-11,26.7166666667,30.1633333333,24.3266666667,83.7666666667,273.2,14.09,15.359,26489.117499999997,146442.75583333333,55.28,27.2903225806,27.636666666700002,27.8290322581,234.0,186.0,165.7,79.5161290323,77.1333333333,75.8709677419,14.6032258065,19.96,15.912903225800001,18.6796774194,17.5753333333,18.36
Aceh,2024-12,26.1870967742,29.5548387097,23.9193548387,87.4516129032,330.2,11.6258064516,14.6467741935,26489.117499999997,146442.75583333333,55.28,26.7166666667,27.2903225806,27.636666666700002,273.2,234.0,186.0,83.7666666667,79.5161290323,77.1333333333,14.09,14.6032258065,19.96,15.359,18.6796774194,17.5753333333
Bali,2024-01,27.7483870968,31.1903225806,25.1,80.1935483871,152.7,16.9774193548,21.725483871,7581.724166666667,44347.37083333333,58.49,,,,,,,,,,,,,,,
Bali,2024-02,27.1310344828,30.8827586207,24.5448275862,85.3793103448,246.0,13.175862069,22.22,7581.724166666667,44347.37083333333,58.49,27.7483870968,,,152.7,,,80.1935483871,,,16.9774193548,,,21.725483871,,
Bali,2024-03,27.4451612903,30.7161290323,24.9032258065,83.5483870968,285.7,15.0258064516,21.5329032258,7581.724166666667,44347.37083333333,58.49,27.1310344828,27.7483870968,,246.0,152.7,,85.3793103448,80.1935483871,,13.175862069,16.9774193548,,22.22,21.725483871,
Bali,2024-04,26.98,29.6866666667,24.7166666667,87.3666666667,230.3,15.8933333333,19.2516666667,7581.724166666667,44347.37083333333,58.49,27.4451612903,27.1310344828,27.7483870968,285.7,246.0,152.7,83.5483870968,85.3793103448,80.1935483871,15.0258064516,13.175862069,16.9774193548,21.5329032258,22.22,21.725483871
Bali,2024-05,26.6258064516,29.1483870968,24.4290322581,85.4838709677,90.3,19.3838709677,19.8267741935,7581.724166666667,44347.37083333333,58.49,26.98,27.4451612903,27.1310344828,230.3,285.7,246.0,87.3666666667,83.5483870968,85.3793103448,15.8933333333,15.0258064516,13.175862069,19.2516666667,21.5329032258,22.22
Bali,2024-06,25.9633333333,28.3133333333,23.7966666667,83.7333333333,80.8,20.1633333333,17.4143333333,7581.724166666667,44347.37083333333,58.49,26.6258064516,26.98,27.4451612903,90.3,230.3,285.7,85.4838709677,87.3666666667,83.5483870968,19.3838709677,15.8933333333,15.0258064516,19.8267741935,19.2516666667,21.5329032258
Bali,2024-07,25.3322580645,27.8129032258,23.1774193548,81.4193548387,80.8,21.9903225806,18.6777419355,7581.724166666667,44347.37083333333,58.49,25.9633333333,26.6258064516,26.98,80.8,90.3,230.3,83.7333333333,85.4838709677,87.3666666667,20.1633333333,19.3838709677,15.8933333333,17.4143333333,19.8267741935,19.2516666667
Bali,2024-08,25.2161290323,28.4193548387,22.1967741935,80.6129032258,36.2,20.0483870968,21.0964516129,7581.724166666667,44347.37083333333,58.49,25.3322580645,25.9633333333,26.6258064516,80.8,80.8,90.3,81.4193548387,83.7333333333,85.4838709677,21.9903225806,20.1633333333,19.3838709677,18.6777419355,17.4143333333,19.8267741935
Bali,2024-09,26.1966666667,29.7833333333,22.9766666667,81.9333333333,62.7,17.71,23.4786666667,7581.724166666667,44347.37083333333,58.49,25.2161290323,25.3322580645,25.9633333333,36.2,80.8,80.8,80.6129032258,81.4193548387,83.7333333333,20.0483870968,21.9903225806,20.1633333333,21.0964516129,18.6777419355,17.4143333333
Bali,2024-10,26.9774193548,30.7258064516,23.435483871,79.3225806452,71.3,17.7419354839,24.8732258065,7581.724166666667,44347.37083333333,58.49,26.1966666667,25.2161290323,25.3322580645,62.7,36.2,80.8,81.9333333333,80.6129032258,81.4193548387,17.71,20.0483870968,21.9903225806,23.4786666667,21.0964516129,18.6777419355
Bali,2024-11,27.63,31.2033333333,24.54,82.1666666667,207.8,12.1333333333,23.1726666667,7581.724166666667,44347.37083333333,58.49,26.9774193548,26.1966666667,25.2161290323,71.3,62.7,36.2,79.3225806452,81.9333333333,80.6129032258,17.7419354839,17.71,20.0483870968,24.8732258065,23.4786666667,21.0964516129
Bali,2024-12,26.4451612903,29.0193548387,24.6709677419,87.4838709677,415.8,16.4129032258,17.2667741935,7581.724166666667,44347.37083333333,58.49,27.63,26.9774193548,26.1966666667,207.8,71.3,62.7,82.1666666667,79.3225806452,81.9333333333,12.1333333333,17.7419354839,17.71,23.1726666667,24.8732258065,23.4786666667
Banten,2024-01,26.8870967742,30.8709677419,23.9741935484,85.3548387097,378.2,11.3806451613,17.4141935484,27111.103333333333,137930.84083333335,50.88,,,,,,,,,,,,,,,
Banten,2024-02,26.8586206897,30.4931034483,24.0586206897,86.6551724138,312.5,11.075862069,17.8482758621,27111.103333333333,137930.84083333335,50.88,26.8870967742,,,378.2,,,85.3548387097,,,11.3806451613,,,17.4141935484,,
Banten,2024-03,26.9387096774,30.6612903226,24.2129032258,85.8064516129,288.2,12.8258064516,18.6251612903,27111.103333333333,137930.84083333335,50.88,26.8586206897,26.8870967742,,312.5,378.2,,86.6551724138,85.3548387097,,11.075862069,11.3806451613,,17.8482758621,17.4141935484,
Banten,2024-04,27.23,31.14,24.38,86.9333333333,275.1,9.4266666667,18.4136666667,27111.103333333333,137930.84083333335,50.88,26.9387096774,26.8586206897,26.8870967742,288.2,312.5,378.2,85.8064516129,86.6551724138,85.3548387097,12.8258064516,11.075862069,11.3806451613,18.6251612903,17.8482758621,17.4141935484
Banten,2024-05,27.5096774194,31.2322580645,24.6967741935,84.5161290323,237.7,9.548387096799999,17.1874193548,27111.103333333333,137930.84083333335,50.88,27.23,26.9387096774,26.8586206897,275.1,288.2,312.5,86.9333333333,85.8064516129,86.6551724138,9.4266666667,12.8258064516,11.075862069,18.4136666667,18.6251612903,17.8482758621
Banten,2024-06,27.0266666667,31.1966666667,23.7733333333,83.6333333333,150.2,9.8433333333,17.593,27111.103333333333,137930.84083333335,50.88,27.5096774194,27.23,26.9387096774,237.7,275.1,288.2,84.5161290323,86.9333333333,85.8064516129,9.548387096799999,9.4266666667,12.8258064516,17.1874193548,18.4136666667,18.6251612903
Banten,2024-07,26.8387096774,31.335483871,23.1290322581,77.7741935484,118.1,10.8,18.7709677419,27111.103333333333,137930.84083333335,50.88,27.0266666667,27.5096774194,27.23,150.2,237.7,275.1,83.6333333333,84.5161290323,86.9333333333,9.8433333333,9.548387096799999,9.4266666667,17.593,17.1874193548,18.4136666667
Banten,2024-08,28.0451612903,33.3258064516,23.8129032258,71.064516129,44.1,12.2387096774,20.2796774194,27111.103333333333,137930.84083333335,50.88,26.8387096774,27.0266666667,27.5096774194,118.1,150.2,237.7,77.7741935484,83.6333333333,84.5161290323,10.8,9.8433333333,9.548387096799999,18.7709677419,17.593,17.1874193548
Banten,2024-09,28.25,33.6666666667,24.2333333333,71.2666666667,115.4,13.44,21.1723333333,27111.103333333333,137930.84083333335,50.88,28.0451612903,26.8387096774,27.0266666667,44.1,118.1,150.2,71.064516129,77.7741935484,83.6333333333,12.2387096774,10.8,9.8433333333,20.2796774194,18.7709677419,17.593
Banten,2024-10,28.9516129032,34.9612903226,24.4741935484,68.4838709677,58.5,14.4483870968,22.6290322581,27111.103333333333,137930.84083333335,50.88,28.25,28.0451612903,26.8387096774,115.4,44.1,118.1,71.2666666667,71.064516129,77.7741935484,13.44,12.2387096774,10.8,21.1723333333,20.2796774194,18.7709677419
Banten,2024-11,27.3633333333,32.3833333333,24.3233333333,83.1,297.0,12.0833333333,18.468,27111.103333333333,137930.84083333335,50.88,28.9516129032,28.25,28.0451612903,58.5,115.4,44.1,68.4838709677,71.2666666667,71.064516129,14.4483870968,13.44,12.2387096774,22.6290322581,21.1723333333,20.2796774194
Banten,2024-12,26.8064516129,30.2806451613,24.3838709677,84.5483870968,301.3,15.2032258065,16.1025806452,27111.103333333333,137930.84083333335,50.88,27.3633333333,28.9516129032,28.25,297.0,58.5,115.4,83.1,68.4838709677,71.2666666667,12.0833333333,14.4483870968,13.44,18.468,22.6290322581,21.1723333333
Bengkulu,2024-01,26.0096774194,29.2935483871,23.5967741935,89.2903225806,542.8,12.0258064516,17.505483871,5344.7733333333335,24402.836666666666,45.66,,,,,,,,,,,,,,,
Bengkulu,2024-02,26.1586206897,29.8310344828,23.7655172414,89.9655172414,571.3,11.4517241379,17.4537931034,5344.7733333333335,24402.836666666666,45.66,26.0096774194,,,542.8,,,89.2903225806,,,12.0258064516,,,17.505483871,,
Bengkulu,2024-03,26.5580645161,29.8903225806,23.964516129,88.1935483871,368.2,13.9419354839,18.6870967742,5344.7733333333335,24402.836666666666,45.66,26.1586206897,26.0096774194,,571.3,542.8,,89.9655172414,89.2903225806,,11.4517241379,12.0258064516,,17.4537931034,17.505483871,
Bengkulu,2024-04,26.49,30.13,24.04,90.9666666667,368.7,11.75,17.5426666667,5344.7733333333335,24402.836666666666,45.66,26.5580645161,26.1586206897,26.0096774194,368.2,571.3,542.8,88.1935483871,89.9655172414,89.2903225806,13.9419354839,11.4517241379,12.0258064516,18.6870967742,17.4537931034,17.505483871
Bengkulu,2024-05,26.8258064516,30.2806451613,24.4064516129,90.0,362.8,11.9483870968,16.1106451613,5344.7733333333335,24402.836666666666,45.66,26.49,26.5580645161,26.1586206897,368.7,368.2,571.3,90.9666666667,88.1935483871,89.9655172414,11.75,13.9419354839,11.4517241379,17.5426666667,18.6870967742,17.4537931034
Bengkulu,2024-06,26.2466666667,29.9533333333,23.5733333333,89.4,377.1,13.0,16.486,5344.7733333333335,24402.836666666666,45.66,26.8258064516,26.49,26.5580645161,362.8,368.7,368.2,90.0,90.9666666667,88.1935483871,11.9483870968,11.75,13.9419354839,16.1106451613,17.5426666667,18.6870967742
Bengkulu,2024-07,26.4419354839,29.9774193548,23.4612903226,84.0,150.1,15.8419354839,18.8980645161,5344.7733333333335,24402.836666666666,45.66,26.2466666667,26.8258064516,26.49,377.1,362.8,368.7,89.4,90.0,90.9666666667,13.0,11.9483870968,11.75,16.486,16.1106451613,17.5426666667
Bengkulu,2024-08,26.3129032258,30.0483870968,23.5258064516,84.0322580645,127.7,20.2548387097,19.2129032258,5344.7733333333335,24402.836666666666,45.66,26.4419354839,26.2466666667,26.8258064516,150.1,377.1,362.8,84.0,89.4,90.0,15.8419354839,13.0,11.9483870968,18.8980645161,16.486,16.1106451613
Bengkulu,2024-09,26.6566666667,30.4066666667,23.6566666667,81.0,133.9,18.14,19.5633333333,5344.7733333333335,24402.836666666666,45.66,26.3129032258,26.4419354839,26.2466666667,127.7,150.1,377.1,84.0322580645,84.0,89.4,20.2548387097,15.8419354839,13.0,19.2129032258,18.8980645161,16.486
Bengkulu,2024-10,26.6064516129,30.5870967742,23.3806451613,81.8387096774,212.9,16.4580645161,21.7483870968,5344.7733333333335,24402.836666666666,45.66,26.6566666667,26.3129032258,26.4419354839,133.9,127.7,150.1,81.0,84.0322580645,84.0,18.14,20.2548387097,15.8419354839,19.5633333333,19.2129032258,18.8980645161
Bengkulu,2024-11,26.13,29.7066666667,23.83,87.7333333333,372.5,12.68,17.566,5344.7733333333335,24402.836666666666,45.66,26.6064516129,26.6566666667,26.3129032258,212.9,133.9,127.7,81.8387096774,81.0,84.0322580645,16.4580645161,18.14,20.2548387097,21.7483870968,19.5633333333,19.2129032258
Bengkulu,2024-12,26.4677419355,29.3096774194,24.1290322581,84.8387096774,402.7,19.5741935484,17.8016129032,5344.7733333333335,24402.836666666666,45.66,26.13,26.6064516129,26.6566666667,372.5,212.9,133.9,87.7333333333,81.8387096774,81.0,12.68,16.4580645161,18.14,17.566,21.7483870968,19.5633333333
Gorontalo,2024-01,26.964516129,31.6193548387,23.8129032258,82.5161290323,159.8,12.0580645161,18.1551612903,4057.1949999999997,18968.933333333334,46.75,,,,,,,,,,,,,,,
Gorontalo,2024-02,27.2448275862,32.3965517241,23.5172413793,79.724137931,71.7,10.948275862100001,21.0368965517,4057.1949999999997,18968.933333333334,46.75,26.964516129,,,159.8,,,82.5161290323,,,12.0580645161,,,18.1551612903,,
Gorontalo,2024-03,27.0870967742,32.1032258065,23.8806451613,82.3548387097,165.1,10.1,20.1438709677,4057.1949999999997,18968.933333333334,46.75,27.2448275862,26.964516129,,71.7,159.8,,79.724137931,82.5161290323,,10.948275862100001,12.0580645161,,21.0368965517,18.1551612903,
Gorontalo,2024-04,27.07,31.7066666667,23.85,84.2,156.5,8.61,19.808,4057.1949999999997,18968.933333333334,46.75,27.0870967742,27.2448275862,26.964516129,165.1,71.7,159.8,82.3548387097,79.724137931,82.5161290323,10.1,10.948275862100001,12.0580645161,20.1438709677,21.0368965517,18.1551612903
Gorontalo,2024-05,27.4161290323,31.1677419355,24.6709677419,85.3548387097,143.6,10.5548387097,18.7306451613,4057.1949999999997,18968.933333333334,46.75,27.07,27.0870967742,27.2448275862,156.5,165.1,71.7,84.2,82.3548387097,79.724137931,8.61,10.1,10.948275862100001,19.808,20.1438709677,21.0368965517
Gorontalo,2024-06,26.4333333333,29.74,24.0233333333,86.5,195.7,11.0166666667,15.8876666667,4057.1949999999997,18968.933333333334,46.75,27.4161290323,27.07,27.0870967742,143.6,156.5,165.1,85.3548387097,84.2,82.3548387097,10.5548387097,8.61,10.1,18.7306451613,19.808,20.1438709677
Gorontalo,2024-07,26.5032258065,29.5290322581,23.964516129,82.2580645161,196.7,14.1580645161,17.5577419355,4057.1949999999997,18968.933333333334,46.75,26.4333333333,27.4161290323,27.07,195.7,143.6,156.5,86.5,85.3548387097,84.2,11.0166666667,10.5548387097,8.61,15.8876666667,18.7306451613,19.808
Gorontalo,2024-08,26.7322580645,30.164516129,23.9290322581,79.8709677419,262.7,14.1967741935,17.7558064516,4057.1949999999997,18968.933333333334,46.75,26.5032258065,26.4333333333,27.4161290323,196.7,195.7,143.6,82.2580645161,86.5,85.3548387097,14.1580645161,11.0166666667,10.5548387097,17.5577419355,15.8876666667,18.7306451613
Gorontalo,2024-09,27.55,31.7166666667,23.9666666667,75.2333333333,33.5,14.97,22.0323333333,4057.1949999999997,18968.933333333334,46.75,26.7322580645,26.5032258065,26.4333333333,262.7,196.7,195.7,79.8709677419,82.2580645161,86.5,14.1967741935,14.1580645161,11.0166666667,17.7558064516,17.5577419355,15.8876666667
Gorontalo,2024-10,27.4967741935,31.9419354839,24.0129032258,78.0967741935,60.4,12.0903225806,21.2287096774,4057.1949999999997,18968.933333333334,46.75,27.55,26.7322580645,26.5032258065,33.5,262.7,196.7,75.2333333333,79.8709677419,82.2580645161,14.97,14.1967741935,14.1580645161,22.0323333333,17.7558064516,17.5577419355
Gorontalo,2024-11,27.1633333333,31.6033333333,24.1566666667,82.6666666667,146.1,10.3933333333,18.9356666667,4057.1949999999997,18968.933333333334,46.75,27.4967741935,27.55,26.7322580645,60.4,33.5,262.7,78.0967741935,75.2333333333,79.8709677419,12.0903225806,14.97,14.1967741935,21.2287096774,22.0323333333,17.7558064516
Gorontalo,2024-12,27.8903225806,32.2935483871,24.7677419355,79.0967741935,122.0,11.7741935484,17.6783870968,4057.1949999999997,18968.933333333334,46.75,27.1633333333,27.4967741935,27.55,146.1,60.4,33.5,82.6666666667,78.0967741935,75.2333333333,10.3933333333,12.0903225806,14.97,18.9356666667,21.2287096774,22.0323333333
Jambi,2024-01,26.0580645161,29.9741935484,23.764516129,90.0967741935,339.0,12.7258064516,15.8890322581,7064.410833333332,32201.124166666665,45.58,,,,,,,,,,,,,,,
Jambi,2024-02,26.3965517241,30.624137931,23.8482758621,89.1034482759,323.3,12.775862069,17.4368965517,7064.410833333332,32201.124166666665,45.58,26.0580645161,,,339.0,,,90.0967741935,,,12.7258064516,,,15.8890322581,,
Jambi,2024-03,27.0258064516,31.2032258065,24.2935483871,87.6129032258,265.7,11.9032258065,18.8809677419,7064.410833333332,32201.124166666665,45.58,26.3965517241,26.0580645161,,323.3,339.0,,89.1034482759,90.0967741935,,12.775862069,12.7258064516,,17.4368965517,15.8890322581,
Jambi,2024-04,27.01,31.1033333333,24.4,91.0333333333,377.5,10.4033333333,17.5906666667,7064.410833333332,32201.124166666665,45.58,27.0258064516,26.3965517241,26.0580645161,265.7,323.3,339.0,87.6129032258,89.1034482759,90.0967741935,11.9032258065,12.775862069,12.7258064516,18.8809677419,17.4368965517,15.8890322581
Jambi,2024-05,27.1419354839,31.1129032258,24.6612903226,90.7096774194,420.1,10.6161290323,17.0529032258,7064.410833333332,32201.124166666665,45.58,27.01,27.0258064516,26.3965517241,377.5,265.7,323.3,91.0333333333,87.6129032258,89.1034482759,10.4033333333,11.9032258065,12.775862069,17.5906666667,18.8809677419,17.4368965517
Jambi,2024-06,26.68,30.6533333333,23.9166666667,89.3333333333,231.2,11.4566666667,17.2616666667,7064.410833333332,32201.124166666665,45.58,27.1419354839,27.01,27.0258064516,420.1,377.5,265.7,90.7096774194,91.0333333333,87.6129032258,10.6161290323,10.4033333333,11.9032258065,17.0529032258,17.5906666667,18.8809677419
Jambi,2024-07,27.2322580645,31.4322580645,23.9838709677,82.064516129,61.1,12.935483871,19.2129032258,7064.410833333332,32201.124166666665,45.58,26.68,27.1419354839,27.01,231.2,420.1,377.5,89.3333333333,90.7096774194,91.0333333333,11.4566666667,10.6161290323,10.4033333333,17.2616666667,17.0529032258,17.5906666667
Jambi,2024-08,27.7774193548,32.9870967742,24.0774193548,76.7741935484,73.8,13.0258064516,18.7358064516,7064.410833333332,32201.124166666665,45.58,27.2322580645,26.68,27.1419354839,61.1,231.2,420.1,82.064516129,89.3333333333,90.7096774194,12.935483871,11.4566666667,10.6161290323,19.2129032258,17.2616666667,17.0529032258
Jambi,2024-09,27.38,32.13,24.08,82.1,195.6,12.4866666667,18.839,7064.410833333332,32201.124166666665,45.58,27.7774193548,27.2322580645,26.68,73.8,61.1,231.2,76.7741935484,82.064516129,89.3333333333,13.0258064516,12.935483871,11.4566666667,18.7358064516,19.2129032258,17.2616666667
Jambi,2024-10,27.4290322581,31.9935483871,24.0774193548,83.8064516129,166.6,10.7225806452,20.4183870968,7064.410833333332,32201.124166666665,45.58,27.38,27.7774193548,27.2322580645,195.6,73.8,61.1,82.1,76.7741935484,82.064516129,12.4866666667,13.0258064516,12.935483871,18.839,18.7358064516,19.2129032258
Jambi,2024-11,26.5866666667,30.5866666667,24.1333333333,88.8,268.5,11.03,17.1046666667,7064.410833333332,32201.124166666665,45.58,27.4290322581,27.38,27.7774193548,166.6,195.6,73.8,83.8064516129,82.1,76.7741935484,10.7225806452,12.4866666667,13.0258064516,20.4183870968,18.839,18.7358064516
Jambi,2024-12,27.164516129,31.0129032258,24.5677419355,84.7741935484,193.5,13.0322580645,16.9,7064.410833333332,32201.124166666665,45.58,26.5866666667,27.4290322581,27.38,268.5,166.6,195.6,88.8,83.8064516129,82.1,11.03,10.7225806452,12.4866666667,17.1046666667,20.4183870968,18.839
Jawa Barat,2024-01,22.8741935484,27.1806451613,19.6064516129,83.4193548387,295.6,13.064516129,17.9816129032,132240.71916666665,751397.715,56.82,,,,,,,,,,,,,,,
Jawa Barat,2024-02,23.0,27.2103448276,19.7,84.4482758621,245.0,11.275862069,18.76,132240.71916666665,751397.715,56.82,22.8741935484,,,295.6,,,83.4193548387,,,13.064516129,,,17.9816129032,,
Jawa Barat,2024-03,22.8612903226,27.1387096774,19.5935483871,84.1935483871,257.2,14.2806451613,18.3064516129,132240.71916666665,751397.715,56.82,23.0,22.8741935484,,245.0,295.6,,84.4482758621,83.4193548387,,11.275862069,13.064516129,,18.76,17.9816129032,
Jawa Barat,2024-04,23.2933333333,28.1466666667,19.5233333333,85.2333333333,272.4,10.3633333333,17.5903333333,132240.71916666665,751397.715,56.82,22.8612903226,23.0,22.8741935484,257.2,245.0,295.6,84.1935483871,84.4482758621,83.4193548387,14.2806451613,11.275862069,13.064516129,18.3064516129,18.76,17.9816129032
Jawa Barat,2024-05,23.3612903226,28.2967741935,18.8935483871,82.064516129,218.5,10.2548387097,18.4738709677,132240.71916666665,751397.715,56.82,23.2933333333,22.8612903226,23.0,272.4,257.2,245.0,85.2333333333,84.1935483871,84.4482758621,10.3633333333,14.2806451613,11.275862069,17.5903333333,18.3064516129,18.76
Jawa Barat,2024-06,22.49,27.8066666667,17.5633333333,81.9,87.3,9.67,17.9743333333,132240.71916666665,751397.715,56.82,23.3612903226,23.2933333333,22.8612903226,218.5,272.4,257.2,82.064516129,85.2333333333,84.1935483871,10.2548387097,10.3633333333,14.2806451613,18.4738709677,17.5903333333,18.3064516129
Jawa Barat,2024-07,21.8870967742,27.6064516129,16.7838709677,78.1290322581,69.6,10.8161290323,19.6429032258,132240.71916666665,751397.715,56.82,22.49,23.3612903226,23.2933333333,87.3,218.5,272.4,81.9,82.064516129,85.2333333333,9.67,10.2548387097,10.3633333333,17.9743333333,18.4738709677,17.5903333333
Jawa Barat,2024-08,23.1064516129,30.1903225806,17.0967741935,67.8387096774,32.0,12.3516129032,21.8312903226,132240.71916666665,751397.715,56.82,21.8870967742,22.49,23.3612903226,69.6,87.3,218.5,78.1290322581,81.9,82.064516129,10.8161290323,9.67,10.2548387097,19.6429032258,17.9743333333,18.4738709677
Jawa Barat,2024-09,23.0466666667,29.4666666667,17.8433333333,71.5666666667,132.8,12.24,22.4326666667,132240.71916666665,751397.715,56.82,23.1064516129,21.8870967742,22.49,32.0,69.6,87.3,67.8387096774,78.1290322581,81.9,12.3516129032,10.8161290323,9.67,21.8312903226,19.6429032258,17.9743333333
Jawa Barat,2024-10,23.8516129032,30.2258064516,18.3129032258,71.3548387097,62.9,12.5,23.5274193548,132240.71916666665,751397.715,56.82,23.0466666667,23.1064516129,21.8870967742,132.8,32.0,69.6,71.5666666667,67.8387096774,78.1290322581,12.24,12.3516129032,10.8161290323,22.4326666667,21.8312903226,19.6429032258
Jawa Barat,2024-11,23.1233333333,28.11,19.78,81.7666666667,396.4,9.3266666667,17.1713333333,132240.71916666665,751397.715,56.82,23.8516129032,23.0466666667,23.1064516129,62.9,132.8,32.0,71.3548387097,71.5666666667,67.8387096774,12.5,12.24,12.3516129032,23.5274193548,22.4326666667,21.8312903226
Jawa Barat,2024-12,23.3387096774,26.9806451613,21.0548387097,79.7096774194,228.1,13.5774193548,15.8812903226,132240.71916666665,751397.715,56.82,23.1233333333,23.8516129032,23.0466666667,396.4,62.9,132.8,81.7666666667,71.3548387097,71.5666666667,9.3266666667,12.5,12.24,17.1713333333,23.5274193548,22.4326666667
Jawa Tengah,2024-01,27.0258064516,30.1225806452,24.6387096774,85.9677419355,274.1,14.8967741935,18.9661290323,138910.9575,790763.7183333333,56.93,,,,,,,,,,,,,,,
Jawa Tengah,2024-02,27.2206896552,29.975862069,24.8275862069,85.5172413793,247.6,16.0206896552,20.2417241379,138910.9575,790763.7183333333,56.93,27.0258064516,,,274.1,,,85.9677419355,,,14.8967741935,,,18.9661290323,,
Jawa Tengah,2024-03,27.4516129032,30.5677419355,25.0290322581,83.7096774194,217.4,17.7838709677,20.2109677419,138910.9575,790763.7183333333,56.93,27.2206896552,27.0258064516,,247.6,274.1,,85.5172413793,85.9677419355,,16.0206896552,14.8967741935,,20.2417241379,18.9661290323,
Jawa Tengah,2024-04,28.06,32.16,25.36,82.8666666667,194.5,12.49,19.8726666667,138910.9575,790763.7183333333,56.93,27.4516129032,27.2206896552,27.0258064516,217.4,247.6,274.1,83.7096774194,85.5172413793,85.9677419355,17.7838709677,16.0206896552,14.8967741935,20.2109677419,20.2417241379,18.9661290323
Jawa Tengah,2024-05,29.935483871,35.0419354839,25.8870967742,66.3870967742,29.3,13.6193548387,20.4219354839,138910.9575,790763.7183333333,56.93,28.06,27.4516129032,27.2206896552,194.5,217.4,247.6,82.8666666667,83.7096774194,85.5172413793,12.49,17.7838709677,16.0206896552,19.8726666667,20.2109677419,20.2417241379
Jawa Tengah,2024-06,28.6133333333,33.7666666667,24.7966666667,71.5666666667,69.8,15.27,18.8063333333,138910.9575,790763.7183333333,56.93,29.935483871,28.06,27.4516129032,29.3,194.5,217.4,66.3870967742,82.8666666667,83.7096774194,13.6193548387,12.49,17.7838709677,20.4219354839,19.8726666667,20.2109677419
Jawa Tengah,2024-07,28.2612903226,33.8483870968,23.8548387097,64.9677419355,36.5,16.7612903226,20.1170967742,138910.9575,790763.7183333333,56.93,28.6133333333,29.935483871,28.06,69.8,29.3,194.5,71.5666666667,66.3870967742,82.8666666667,15.27,13.6193548387,12.49,18.8063333333,20.4219354839,19.8726666667
Jawa Tengah,2024-08,28.6677419355,34.8419354839,23.7903225806,61.903225806500004,14.0,17.9806451613,22.2938709677,138910.9575,790763.7183333333,56.93,28.2612903226,28.6133333333,29.935483871,36.5,69.8,29.3,64.9677419355,71.5666666667,66.3870967742,16.7612903226,15.27,13.6193548387,20.1170967742,18.8063333333,20.4219354839
Jawa Tengah,2024-09,28.7233333333,34.4833333333,24.35,66.2666666667,79.3,17.3933333333,23.2106666667,138910.9575,790763.7183333333,56.93,28.6677419355,28.2612903226,28.6133333333,14.0,36.5,69.8,61.903225806500004,64.9677419355,71.5666666667,17.9806451613,16.7612903226,15.27,22.2938709677,20.1170967742,18.8063333333
Jawa Tengah,2024-10,29.5451612903,35.0838709677,25.0935483871,65.5806451613,59.0,15.7838709677,24.3309677419,138910.9575,790763.7183333333,56.93,28.7233333333,28.6677419355,28.2612903226,79.3,14.0,36.5,66.2666666667,61.903225806500004,64.9677419355,17.3933333333,17.9806451613,16.7612903226,23.2106666667,22.2938709677,20.1170967742
Jawa Tengah,2024-11,27.8666666667,31.8433333333,25.32,81.4666666667,287.1,12.2033333333,19.886,138910.9575,790763.7183333333,56.93,29.5451612903,28.7233333333,28.6677419355,59.0,79.3,14.0,65.5806451613,66.2666666667,61.903225806500004,15.7838709677,17.3933333333,17.9806451613,24.3309677419,23.2106666667,22.2938709677
Jawa Tengah,2024-12,26.9870967742,29.6935483871,24.9161290323,86.5806451613,302.6,16.2258064516,16.5887096774,138910.9575,790763.7183333333,56.93,27.8666666667,29.5451612903,28.7233333333,287.1,59.0,79.3,81.4666666667,65.5806451613,66.2666666667,12.2033333333,15.7838709677,17.3933333333,19.886,24.3309677419,23.2106666667
Jawa Timur,2024-01,27.3064516129,31.6032258065,24.5193548387,83.4516129032,339.5,13.9483870968,19.3619354839,146198.35833333334,828711.5216666666,56.68,,,,,,,,,,,,,,,
Jawa Timur,2024-02,27.0172413793,31.1103448276,24.6068965517,86.7586206897,391.5,12.575862069,19.66,146198.35833333334,828711.5216666666,56.68,27.3064516129,,,339.5,,,83.4516129032,,,13.9483870968,,,19.3619354839,,
Jawa Timur,2024-03,27.3548387097,31.0064516129,24.6806451613,84.4838709677,239.4,15.8387096774,19.1729032258,146198.35833333334,828711.5216666666,56.68,27.0172413793,27.3064516129,,391.5,339.5,,86.7586206897,83.4516129032,,12.575862069,13.9483870968,,19.66,19.3619354839,
Jawa Timur,2024-04,27.9766666667,31.05,25.45,83.6,225.4,13.3966666667,19.0763333333,146198.35833333334,828711.5216666666,56.68,27.3548387097,27.0172413793,27.3064516129,239.4,391.5,339.5,84.4838709677,86.7586206897,83.4516129032,15.8387096774,12.575862069,13.9483870968,19.1729032258,19.66,19.3619354839
Jawa Timur,2024-05,28.9838709677,31.9741935484,25.0612903226,72.7096774194,5.7,16.5612903226,21.1190322581,146198.35833333334,828711.5216666666,56.68,27.9766666667,27.3548387097,27.0172413793,225.4,239.4,391.5,83.6,84.4838709677,86.7586206897,13.3966666667,15.8387096774,12.575862069,19.0763333333,19.1729032258,19.66
Jawa Timur,2024-06,28.4,31.7,24.5566666667,72.3333333333,33.8,17.2066666667,19.144,146198.35833333334,828711.5216666666,56.68,28.9838709677,27.9766666667,27.3548387097,5.7,225.4,239.4,72.7096774194,83.6,84.4838709677,16.5612903226,13.3966666667,15.8387096774,21.1190322581,19.0763333333,19.1729032258
Jawa Timur,2024-07,27.6806451613,31.4096774194,22.9225806452,68.064516129,7.5,20.2483870968,20.4703225806,146198.35833333334,828711.5216666666,56.68,28.4,28.9838709677,27.9766666667,33.8,5.7,225.4,72.3333333333,72.7096774194,83.6,17.2066666667,16.5612903226,13.3966666667,19.144,21.1190322581,19.0763333333
Jawa Timur,2024-08,27.8096774194,32.0580645161,22.6,65.6129032258,3.7,22.4161290323,22.9170967742,146198.35833333334,828711.5216666666,56.68,27.6806451613,28.4,28.9838709677,7.5,33.8,5.7,68.064516129,72.3333333333,72.7096774194,20.2483870968,17.2066666667,16.5612903226,20.4703225806,19.144,21.1190322581
Jawa Timur,2024-09,28.8333333333,32.99,24.0866666667,65.4333333333,11.4,20.7733333333,24.157,146198.35833333334,828711.5216666666,56.68,27.8096774194,27.6806451613,28.4,3.7,7.5,33.8,65.6129032258,68.064516129,72.3333333333,22.4161290323,20.2483870968,17.2066666667,22.9170967742,20.4703225806,19.144
Jawa Timur,2024-10,29.7193548387,34.1064516129,24.7161290323,64.1290322581,19.5,20.5451612903,25.1041935484,146198.35833333334,828711.5216666666,56.68,28.8333333333,27.8096774194,27.6806451613,11.4,3.7,7.5,65.4333333333,65.6129032258,68.064516129,20.7733333333,22.4161290323,20.2483870968,24.157,22.9170967742,20.4703225806
Jawa Timur,2024-11,28.33,31.9933333333,25.33,78.9333333333,284.3,12.5566666667,22.1403333333,146198.35833333334,828711.5216666666,56.68,29.7193548387,28.8333333333,27.8096774194,19.5,11.4,3.7,64.1290322581,65.4333333333,65.6129032258,20.5451612903,20.7733333333,22.4161290323,25.1041935484,24.157,22.9170967742
Jawa Timur,2024-12,27.0709677419,30.7451612903,24.9967741935,85.0,426.0,11.1806451613,17.3732258065,146198.35833333334,828711.5216666666,56.68,28.33,29.7193548387,28.8333333333,284.3,19.5,11.4,78.9333333333,64.1290322581,65.4333333333,12.5566666667,20.5451612903,20.7733333333,22.1403333333,25.1041935484,24.157
Kalimantan Barat,2024-01,25.9806451613,29.8483870968,23.7387096774,92.7419354839,471.8,10.7451612903,16.0593548387,21381.28583333333,64847.53,30.33,,,,,,,,,,,,,,,
Kalimantan Barat,2024-02,26.3482758621,30.7586206897,23.7068965517,90.9310344828,323.0,10.7482758621,18.2389655172,21381.28583333333,64847.53,30.33,25.9806451613,,,471.8,,,92.7419354839,,,10.7451612903,,,16.0593548387,,
Kalimantan Barat,2024-03,26.5032258065,30.7677419355,23.835483871,90.6451612903,403.0,10.7548387097,17.7467741935,21381.28583333333,64847.53,30.33,26.3482758621,25.9806451613,,323.0,471.8,,90.9310344828,92.7419354839,,10.7482758621,10.7451612903,,18.2389655172,16.0593548387,
Kalimantan Barat,2024-04,26.7566666667,31.0233333333,24.3866666667,92.3,471.8,9.4766666667,17.3406666667,21381.28583333333,64847.53,30.33,26.5032258065,26.3482758621,25.9806451613,403.0,323.0,471.8,90.6451612903,90.9310344828,92.7419354839,10.7548387097,10.7482758621,10.7451612903,17.7467741935,18.2389655172,16.0593548387
Kalimantan Barat,2024-05,26.7806451613,30.5967741935,24.5193548387,93.0322580645,558.4,10.2,15.5074193548,21381.28583333333,64847.53,30.33,26.7566666667,26.5032258065,26.3482758621,471.8,403.0,323.0,92.3,90.6451612903,90.9310344828,9.4766666667,10.7548387097,10.7482758621,17.3406666667,17.7467741935,18.2389655172
Kalimantan Barat,2024-06,26.5133333333,30.47,23.886666666700002,90.5333333333,273.8,9.4266666667,16.6146666667,21381.28583333333,64847.53,30.33,26.7806451613,26.7566666667,26.5032258065,558.4,471.8,403.0,93.0322580645,92.3,90.6451612903,10.2,9.4766666667,10.7548387097,15.5074193548,17.3406666667,17.7467741935
Kalimantan Barat,2024-07,26.9935483871,31.3870967742,23.8419354839,84.3548387097,113.3,11.3548387097,18.9958064516,21381.28583333333,64847.53,30.33,26.5133333333,26.7806451613,26.7566666667,273.8,558.4,471.8,90.5333333333,93.0322580645,92.3,9.4266666667,10.2,9.4766666667,16.6146666667,15.5074193548,17.3406666667
Kalimantan Barat,2024-08,25.8580645161,30.0903225806,23.3129032258,90.4516129032,433.2,10.1838709677,16.2983870968,21381.28583333333,64847.53,30.33,26.9935483871,26.5133333333,26.7806451613,113.3,273.8,558.4,84.3548387097,90.5333333333,93.0322580645,11.3548387097,9.4266666667,10.2,18.9958064516,16.6146666667,15.5074193548
Kalimantan Barat,2024-09,27.06,31.5166666667,24.0466666667,84.6,144.9,10.8566666667,18.686,21381.28583333333,64847.53,30.33,25.8580645161,26.9935483871,26.5133333333,433.2,113.3,273.8,90.4516129032,84.3548387097,90.5333333333,10.1838709677,11.3548387097,9.4266666667,16.2983870968,18.9958064516,16.6146666667
Kalimantan Barat,2024-10,26.5129032258,30.9290322581,23.7483870968,88.5161290323,287.0,10.1806451613,18.2170967742,21381.28583333333,64847.53,30.33,27.06,25.8580645161,26.9935483871,144.9,433.2,113.3,84.6,90.4516129032,84.3548387097,10.8566666667,10.1838709677,11.3548387097,18.686,16.2983870968,18.9958064516
Kalimantan Barat,2024-11,26.2566666667,30.3066666667,23.9166666667,90.1333333333,421.6,10.7433333333,16.462,21381.28583333333,64847.53,30.33,26.5129032258,27.06,25.8580645161,287.0,144.9,433.2,88.5161290323,84.6,90.4516129032,10.1806451613,10.8566666667,10.1838709677,18.2170967742,18.686,16.2983870968
Kalimantan Barat,2024-12,26.5935483871,30.1,24.2161290323,88.1935483871,256.4,12.4032258065,16.1619354839,21381.28583333333,64847.53,30.33,26.2566666667,26.5129032258,27.06,421.6,287.0,144.9,90.1333333333,88.5161290323,84.6,10.7433333333,10.1806451613,10.8566666667,16.462,18.2170967742,18.686
Kalimantan Selatan,2024-01,26.2806451613,30.2129032258,23.8903225806,90.8064516129,620.4,11.2967741935,15.6390322581,24153.029166666664,95858.88833333332,39.69,,,,,,,,,,,,,,,
Kalimantan Selatan,2024-02,26.7034482759,31.1,23.9793103448,89.4137931034,534.3,11.0655172414,17.9189655172,24153.029166666664,95858.88833333332,39.69,26.2806451613,,,620.4,,,90.8064516129,,,11.2967741935,,,15.6390322581,,
Kalimantan Selatan,2024-03,26.9806451613,31.2322580645,24.3,89.064516129,549.4,11.1064516129,18.0225806452,24153.029166666664,95858.88833333332,39.69,26.7034482759,26.2806451613,,534.3,620.4,,89.4137931034,90.8064516129,,11.0655172414,11.2967741935,,17.9189655172,15.6390322581,
Kalimantan Selatan,2024-04,27.03,31.5333333333,24.4266666667,90.3333333333,470.6,10.5333333333,18.089,24153.029166666664,95858.88833333332,39.69,26.9806451613,26.7034482759,26.2806451613,549.4,534.3,620.4,89.064516129,89.4137931034,90.8064516129,11.1064516129,11.0655172414,11.2967741935,18.0225806452,17.9189655172,15.6390322581
Kalimantan Selatan,2024-05,27.3387096774,31.5096774194,24.7516129032,88.9032258065,313.7,10.6451612903,17.1632258065,24153.029166666664,95858.88833333332,39.69,27.03,26.9806451613,26.7034482759,470.6,549.4,534.3,90.3333333333,89.064516129,89.4137931034,10.5333333333,11.1064516129,11.0655172414,18.089,18.0225806452,17.9189655172
Kalimantan Selatan,2024-06,26.2666666667,30.3733333333,23.6933333333,90.1666666667,294.2,9.9733333333,15.7886666667,24153.029166666664,95858.88833333332,39.69,27.3387096774,27.03,26.9806451613,313.7,470.6,549.4,88.9032258065,90.3333333333,89.064516129,10.6451612903,10.5333333333,11.1064516129,17.1632258065,18.089,18.0225806452
Kalimantan Selatan,2024-07,26.3451612903,30.4741935484,23.3161290323,85.0967741935,148.0,10.1903225806,17.6183870968,24153.029166666664,95858.88833333332,39.69,26.2666666667,27.3387096774,27.03,294.2,313.7,470.6,90.1666666667,88.9032258065,90.3333333333,9.9733333333,10.6451612903,10.5333333333,15.7886666667,17.1632258065,18.089
Kalimantan Selatan,2024-08,26.6225806452,31.2096774194,23.3806451613,82.5483870968,135.1,11.6935483871,18.0990322581,24153.029166666664,95858.88833333332,39.69,26.3451612903,26.2666666667,27.3387096774,148.0,294.2,313.7,85.0967741935,90.1666666667,88.9032258065,10.1903225806,9.9733333333,10.6451612903,17.6183870968,15.7886666667,17.1632258065
Kalimantan Selatan,2024-09,27.34,32.6066666667,23.7166666667,80.3333333333,125.1,12.7033333333,19.5703333333,24153.029166666664,95858.88833333332,39.69,26.6225806452,26.3451612903,26.2666666667,135.1,148.0,294.2,82.5483870968,85.0967741935,90.1666666667,11.6935483871,10.1903225806,9.9733333333,18.0990322581,17.6183870968,15.7886666667
Kalimantan Selatan,2024-10,27.135483871,32.064516129,24.1129032258,84.8387096774,193.3,12.8193548387,18.6206451613,24153.029166666664,95858.88833333332,39.69,27.34,26.6225806452,26.3451612903,125.1,135.1,148.0,80.3333333333,82.5483870968,85.0967741935,12.7033333333,11.6935483871,10.1903225806,19.5703333333,18.0990322581,17.6183870968
Kalimantan Selatan,2024-11,26.56,31.3366666667,23.9166666667,88.5666666667,512.6,11.4666666667,16.8823333333,24153.029166666664,95858.88833333332,39.69,27.135483871,27.34,26.6225806452,193.3,125.1,135.1,84.8387096774,80.3333333333,82.5483870968,12.8193548387,12.7033333333,11.6935483871,18.6206451613,19.5703333333,18.0990322581
Kalimantan Selatan,2024-12,26.7903225806,30.5387096774,24.2838709677,87.1612903226,471.3,13.2419354839,14.8577419355,24153.029166666664,95858.88833333332,39.69,26.56,27.135483871,27.34,512.6,193.3,125.1,88.5666666667,84.8387096774,80.3333333333,11.4666666667,12.8193548387,12.7033333333,16.8823333333,18.6206451613,19.5703333333
Kalimantan Tengah,2024-01,26.4032258065,31.0032258065,23.5967741935,89.7096774194,463.3,9.9193548387,16.9861290323,11939.5875,38162.666666666664,31.96,,,,,,,,,,,,,,,
Kalimantan Tengah,2024-02,26.6931034483,31.724137931,23.7931034483,89.4482758621,518.7,9.8206896552,19.0875862069,11939.5875,38162.666666666664,31.96,26.4032258065,,,463.3,,,89.7096774194,,,9.9193548387,,,16.9861290323,,
Kalimantan Tengah,2024-03,26.7870967742,31.2612903226,23.8774193548,89.6774193548,463.8,9.635483871,18.2470967742,11939.5875,38162.666666666664,31.96,26.6931034483,26.4032258065,,518.7,463.3,,89.4482758621,89.7096774194,,9.8206896552,9.9193548387,,19.0875862069,16.9861290323,
Kalimantan Tengah,2024-04,26.9466666667,31.49,24.1066666667,90.9,532.1,8.9466666667,18.8733333333,11939.5875,38162.666666666664,31.96,26.7870967742,26.6931034483,26.4032258065,463.8,518.7,463.3,89.6774193548,89.4482758621,89.7096774194,9.635483871,9.8206896552,9.9193548387,18.2470967742,19.0875862069,16.9861290323
Kalimantan Tengah,2024-05,26.7903225806,31.0096774194,24.2032258065,91.3548387097,383.8,8.7193548387,16.7567741935,11939.5875,38162.666666666664,31.96,26.9466666667,26.7870967742,26.6931034483,532.1,463.8,518.7,90.9,89.6774193548,89.4482758621,8.9466666667,9.635483871,9.8206896552,18.8733333333,18.2470967742,19.0875862069
Kalimantan Tengah,2024-06,26.1833333333,30.2333333333,23.5766666667,90.3,235.8,8.7566666667,16.1426666667,11939.5875,38162.666666666664,31.96,26.7903225806,26.9466666667,26.7870967742,383.8,532.1,463.8,91.3548387097,90.9,89.6774193548,8.7193548387,8.9466666667,9.635483871,16.7567741935,18.8733333333,18.2470967742
Kalimantan Tengah,2024-07,26.3096774194,30.5387096774,23.3870967742,85.8709677419,165.3,9.9838709677,17.2993548387,11939.5875,38162.666666666664,31.96,26.1833333333,26.7903225806,26.9466666667,235.8,383.8,532.1,90.3,91.3548387097,90.9,8.7566666667,8.7193548387,8.9466666667,16.1426666667,16.7567741935,18.8733333333
Kalimantan Tengah,2024-08,26.2870967742,31.1096774194,23.2,85.2903225806,251.4,10.6935483871,17.2612903226,11939.5875,38162.666666666664,31.96,26.3096774194,26.1833333333,26.7903225806,165.3,235.8,383.8,85.8709677419,90.3,91.3548387097,9.9838709677,8.7566666667,8.7193548387,17.2993548387,16.1426666667,16.7567741935
Kalimantan Tengah,2024-09,26.9266666667,32.2733333333,23.29,82.2,217.8,10.87,18.5913333333,11939.5875,38162.666666666664,31.96,26.2870967742,26.3096774194,26.1833333333,251.4,165.3,235.8,85.2903225806,85.8709677419,90.3,10.6935483871,9.9838709677,8.7566666667,17.2612903226,17.2993548387,16.1426666667
Kalimantan Tengah,2024-10,26.5096774194,31.5387096774,23.3225806452,86.6451612903,340.4,10.0516129032,17.2429032258,11939.5875,38162.666666666664,31.96,26.9266666667,26.2870967742,26.3096774194,217.8,251.4,165.3,82.2,85.2903225806,85.8709677419,10.87,10.6935483871,9.9838709677,18.5913333333,17.2612903226,17.2993548387
Kalimantan Tengah,2024-11,26.41,31.3233333333,23.61,88.9333333333,555.2,10.0833333333,17.1736666667,11939.5875,38162.666666666664,31.96,26.5096774194,26.9266666667,26.2870967742,340.4,217.8,251.4,86.6451612903,82.2,85.2903225806,10.0516129032,10.87,10.6935483871,17.2429032258,18.5913333333,17.2612903226
Kalimantan Tengah,2024-12,26.8516129032,31.2258064516,24.1709677419,86.935483871,347.4,12.3580645161,16.8829032258,11939.5875,38162.666666666664,31.96,26.41,26.5096774194,26.9266666667,555.2,340.4,217.8,88.9333333333,86.6451612903,82.2,10.0833333333,10.0516129032,10.87,17.1736666667,17.2429032258,18.5913333333
Kalimantan Timur,2024-01,26.4225806452,31.5612903226,23.2516129032,86.6129032258,227.6,10.3161290323,18.5487096774,6130.703333333334,21869.543333333335,35.67,,,,,,,,,,,,,,,
Kalimantan Timur,2024-02,26.3586206897,31.3793103448,23.224137931,86.3448275862,212.9,11.5,20.084137931,6130.703333333334,21869.543333333335,35.67,26.4225806452,,,227.6,,,86.6129032258,,,10.3161290323,,,18.5487096774,,
Kalimantan Timur,2024-03,26.4516129032,31.7096774194,23.5129032258,87.8709677419,207.4,11.7225806452,19.622903225800002,6130.703333333334,21869.543333333335,35.67,26.3586206897,26.4225806452,,212.9,227.6,,86.3448275862,86.6129032258,,11.5,10.3161290323,,20.084137931,18.5487096774,
Kalimantan Timur,2024-04,27.4033333333,33.3166666667,23.79,83.4,105.2,11.11,21.1336666667,6130.703333333334,21869.543333333335,35.67,26.4516129032,26.3586206897,26.4225806452,207.4,212.9,227.6,87.8709677419,86.3448275862,86.6129032258,11.7225806452,11.5,10.3161290323,19.622903225800002,20.084137931,18.5487096774
Kalimantan Timur,2024-05,26.4709677419,30.6161290323,23.8483870968,91.8064516129,382.5,8.6290322581,16.2825806452,6130.703333333334,21869.543333333335,35.67,27.4033333333,26.4516129032,26.3586206897,105.2,207.4,212.9,83.4,87.8709677419,86.3448275862,11.11,11.7225806452,11.5,21.1336666667,19.622903225800002,20.084137931
Kalimantan Timur,2024-06,25.6866666667,30.0266666667,23.1466666667,91.2,329.7,8.9833333333,15.477,6130.703333333334,21869.543333333335,35.67,26.4709677419,27.4033333333,26.4516129032,382.5,105.2,207.4,91.8064516129,83.4,87.8709677419,8.6290322581,11.11,11.7225806452,16.2825806452,21.1336666667,19.622903225800002
Kalimantan Timur,2024-07,25.6322580645,29.9935483871,22.9483870968,89.5806451613,226.9,9.8129032258,15.8335483871,6130.703333333334,21869.543333333335,35.67,25.6866666667,26.4709677419,27.4033333333,329.7,382.5,105.2,91.2,91.8064516129,83.4,8.9833333333,8.6290322581,11.11,15.477,16.2825806452,21.1336666667
Kalimantan Timur,2024-08,25.3161290323,29.9258064516,22.7838709677,91.0967741935,360.7,9.2967741935,16.4832258065,6130.703333333334,21869.543333333335,35.67,25.6322580645,25.6866666667,26.4709677419,226.9,329.7,382.5,89.5806451613,91.2,91.8064516129,9.8129032258,8.9833333333,8.6290322581,15.8335483871,15.477,16.2825806452
Kalimantan Timur,2024-09,26.79,32.0866666667,23.2233333333,81.7333333333,112.8,11.4466666667,20.128,6130.703333333334,21869.543333333335,35.67,25.3161290323,25.6322580645,25.6866666667,360.7,226.9,329.7,91.0967741935,89.5806451613,91.2,9.2967741935,9.8129032258,8.9833333333,16.4832258065,15.8335483871,15.477
Kalimantan Timur,2024-10,26.4,31.9290322581,23.2548387097,86.1290322581,274.0,10.735483871,19.0141935484,6130.703333333334,21869.543333333335,35.67,26.79,25.3161290323,25.6322580645,112.8,360.7,226.9,81.7333333333,91.0967741935,89.5806451613,11.4466666667,9.2967741935,9.8129032258,20.128,16.4832258065,15.8335483871
Kalimantan Timur,2024-11,26.0666666667,30.8933333333,23.14,88.9333333333,233.2,10.7533333333,18.2946666667,6130.703333333334,21869.543333333335,35.67,26.4,26.79,25.3161290323,274.0,112.8,360.7,86.1290322581,81.7333333333,91.0967741935,10.735483871,11.4466666667,9.2967741935,19.0141935484,20.128,16.4832258065
Kalimantan Timur,2024-12,26.1064516129,29.9709677419,23.5483870968,89.6129032258,267.9,11.3677419355,15.9825806452,6130.703333333334,21869.543333333335,35.67,26.0666666667,26.4,26.79,233.2,274.0,112.8,88.9333333333,86.1290322581,81.7333333333,10.7533333333,10.735483871,11.4466666667,18.2946666667,19.0141935484,20.128
Kalimantan Utara,2024-01,26.5870967742,29.3096774194,24.1516129032,86.4838709677,387.2,13.548387096799999,18.6674193548,823.5875,2797.8566666666666,33.97,,,,,,,,,,,,,,,
Kalimantan Utara,2024-02,26.5137931034,29.275862069,24.2517241379,85.8275862069,395.8,14.2103448276,19.2727586207,823.5875,2797.8566666666666,33.97,26.5870967742,,,387.2,,,86.4838709677,,,13.548387096799999,,,18.6674193548,,
Kalimantan Utara,2024-03,27.0612903226,29.7387096774,24.6741935484,84.0967741935,326.1,13.8612903226,21.0425806452,823.5875,2797.8566666666666,33.97,26.5137931034,26.5870967742,,395.8,387.2,,85.8275862069,86.4838709677,,14.2103448276,13.548387096799999,,19.2727586207,18.6674193548,
Kalimantan Utara,2024-04,27.3433333333,29.8466666667,25.0433333333,85.3666666667,220.3,11.31,19.624,823.5875,2797.8566666666666,33.97,27.0612903226,26.5137931034,26.5870967742,326.1,395.8,387.2,84.0967741935,85.8275862069,86.4838709677,13.8612903226,14.2103448276,13.548387096799999,21.0425806452,19.2727586207,18.6674193548
Kalimantan Utara,2024-05,27.7322580645,30.5322580645,25.1032258065,86.3548387097,349.3,11.5677419355,20.0258064516,823.5875,2797.8566666666666,33.97,27.3433333333,27.0612903226,26.5137931034,220.3,326.1,395.8,85.3666666667,84.0967741935,85.8275862069,11.31,13.8612903226,14.2103448276,19.624,21.0425806452,19.2727586207
Kalimantan Utara,2024-06,26.7266666667,29.4266666667,24.28,87.2333333333,429.6,11.5733333333,16.8836666667,823.5875,2797.8566666666666,33.97,27.7322580645,27.3433333333,27.0612903226,349.3,220.3,326.1,86.3548387097,85.3666666667,84.0967741935,11.5677419355,11.31,13.8612903226,20.0258064516,19.624,21.0425806452
Kalimantan Utara,2024-07,26.8290322581,29.6580645161,24.264516129,86.0967741935,243.1,11.7419354839,18.5574193548,823.5875,2797.8566666666666,33.97,26.7266666667,27.7322580645,27.3433333333,429.6,349.3,220.3,87.2333333333,86.3548387097,85.3666666667,11.5733333333,11.5677419355,11.31,16.8836666667,20.0258064516,19.624
Kalimantan Utara,2024-08,26.7774193548,29.7419354839,23.9387096774,85.3225806452,390.1,12.0419354839,19.4464516129,823.5875,2797.8566666666666,33.97,26.8290322581,26.7266666667,27.7322580645,243.1,429.6,349.3,86.0967741935,87.2333333333,86.3548387097,11.7419354839,11.5733333333,11.5677419355,18.5574193548,16.8836666667,20.0258064516
Kalimantan Utara,2024-09,27.5733333333,30.7833333333,24.8566666667,81.4666666667,193.0,13.59,21.1566666667,823.5875,2797.8566666666666,33.97,26.7774193548,26.8290322581,26.7266666667,390.1,243.1,429.6,85.3225806452,86.0967741935,87.2333333333,12.0419354839,11.7419354839,11.5733333333,19.4464516129,18.5574193548,16.8836666667
Kalimantan Utara,2024-10,27.3612903226,30.5451612903,24.5322580645,83.064516129,321.6,12.2580645161,20.9729032258,823.5875,2797.8566666666666,33.97,27.5733333333,26.7774193548,26.8290322581,193.0,390.1,243.1,81.4666666667,85.3225806452,86.0967741935,13.59,12.0419354839,11.7419354839,21.1566666667,19.4464516129,18.5574193548
Kalimantan Utara,2024-11,26.9266666667,29.8366666667,24.3866666667,85.0666666667,319.9,11.8333333333,19.694,823.5875,2797.8566666666666,33.97,27.3612903226,27.5733333333,26.7774193548,321.6,193.0,390.1,83.064516129,81.4666666667,85.3225806452,12.2580645161,13.59,12.0419354839,20.9729032258,21.1566666667,19.4464516129
Kalimantan Utara,2024-12,26.8096774194,29.7322580645,24.464516129,87.3870967742,524.6,12.0516129032,17.0264516129,823.5875,2797.8566666666666,33.97,26.9266666667,27.3612903226,27.5733333333,319.9,321.6,193.0,85.0666666667,83.064516129,81.4666666667,11.8333333333,12.2580645161,13.59,19.694,20.9729032258,21.1566666667
Lampung,2024-01,25.9032258065,29.9548387097,23.3709677419,89.3225806452,430.6,11.5419354839,16.5548387097,45429.0875,220857.47,48.62,,,,,,,,,,,,,,,
Lampung,2024-02,26.1172413793,30.3586206897,23.4827586207,89.3103448276,265.0,10.7586206897,18.2893103448,45429.0875,220857.47,48.62,25.9032258065,,,430.6,,,89.3225806452,,,11.5419354839,,,16.5548387097,,
Lampung,2024-03,26.4709677419,30.6419354839,23.9161290323,88.3225806452,329.3,10.8967741935,18.6051612903,45429.0875,220857.47,48.62,26.1172413793,25.9032258065,,265.0,430.6,,89.3103448276,89.3225806452,,10.7586206897,11.5419354839,,18.2893103448,16.5548387097,
Lampung,2024-04,26.6866666667,30.05,24.3633333333,89.2,256.8,10.2166666667,16.1743333333,45429.0875,220857.47,48.62,26.4709677419,26.1172413793,25.9032258065,329.3,265.0,430.6,88.3225806452,89.3103448276,89.3225806452,10.8967741935,10.7586206897,11.5419354839,18.6051612903,18.2893103448,16.5548387097
Lampung,2024-05,26.7903225806,29.9677419355,24.4903225806,88.6451612903,300.3,8.7903225806,15.3809677419,45429.0875,220857.47,48.62,26.6866666667,26.4709677419,26.1172413793,256.8,329.3,265.0,89.2,88.3225806452,89.3103448276,10.2166666667,10.8967741935,10.7586206897,16.1743333333,18.6051612903,18.2893103448
Lampung,2024-06,26.2966666667,29.87,23.5166666667,87.1,176.5,10.0566666667,16.377,45429.0875,220857.47,48.62,26.7903225806,26.6866666667,26.4709677419,300.3,256.8,329.3,88.6451612903,89.2,88.3225806452,8.7903225806,10.2166666667,10.8967741935,15.3809677419,16.1743333333,18.6051612903
Lampung,2024-07,26.1225806452,29.3,23.335483871,82.8387096774,127.7,11.4129032258,17.4106451613,45429.0875,220857.47,48.62,26.2966666667,26.7903225806,26.6866666667,176.5,300.3,256.8,87.1,88.6451612903,89.2,10.0566666667,8.7903225806,10.2166666667,16.377,15.3809677419,16.1743333333
Lampung,2024-08,26.2612903226,29.6806451613,23.5709677419,82.1612903226,64.3,13.6580645161,19.5387096774,45429.0875,220857.47,48.62,26.1225806452,26.2966666667,26.7903225806,127.7,176.5,300.3,82.8387096774,87.1,88.6451612903,11.4129032258,10.0566666667,8.7903225806,17.4106451613,16.377,15.3809677419
Lampung,2024-09,26.7366666667,30.52,24.1566666667,79.6,93.2,14.5866666667,20.2976666667,45429.0875,220857.47,48.62,26.2612903226,26.1225806452,26.2966666667,64.3,127.7,176.5,82.1612903226,82.8387096774,87.1,13.6580645161,11.4129032258,10.0566666667,19.5387096774,17.4106451613,16.377
Lampung,2024-10,27.3225806452,30.8322580645,24.7258064516,77.935483871,76.5,16.3516129032,21.6683870968,45429.0875,220857.47,48.62,26.7366666667,26.2612903226,26.1225806452,93.2,64.3,127.7,79.6,82.1612903226,82.8387096774,14.5866666667,13.6580645161,11.4129032258,20.2976666667,19.5387096774,17.4106451613
Lampung,2024-11,26.6566666667,30.18,24.39,85.5333333333,252.4,12.1233333333,16.7513333333,45429.0875,220857.47,48.62,27.3225806452,26.7366666667,26.2612903226,76.5,93.2,64.3,77.935483871,79.6,82.1612903226,16.3516129032,14.5866666667,13.6580645161,21.6683870968,20.2976666667,19.5387096774
Lampung,2024-12,26.5903225806,30.0290322581,24.3161290323,85.8709677419,295.7,9.5225806452,16.3516129032,45429.0875,220857.47,48.62,26.6566666667,27.3225806452,26.7366666667,252.4,76.5,93.2,85.5333333333,77.935483871,79.6,12.1233333333,16.3516129032,14.5866666667,16.7513333333,21.6683870968,20.2976666667
Maluku,2024-01,27.8419354839,31.0483870968,25.4806451613,82.0967741935,202.3,14.6032258065,19.9319354839,2389.0183333333334,9203.941666666668,38.53,,,,,,,,,,,,,,,
Maluku,2024-02,28.2,31.8931034483,25.6931034483,80.6896551724,103.7,13.2689655172,21.7227586207,2389.0183333333334,9203.941666666668,38.53,27.8419354839,,,202.3,,,82.0967741935,,,14.6032258065,,,19.9319354839,,
Maluku,2024-03,27.5193548387,30.8225806452,25.3451612903,85.7741935484,348.5,12.5322580645,20.1219354839,2389.0183333333334,9203.941666666668,38.53,28.2,27.8419354839,,103.7,202.3,,80.6896551724,82.0967741935,,13.2689655172,14.6032258065,,21.7227586207,19.9319354839,
Maluku,2024-04,26.5133333333,29.1066666667,24.5433333333,91.7,542.2,10.4833333333,16.7453333333,2389.0183333333334,9203.941666666668,38.53,27.5193548387,28.2,27.8419354839,348.5,103.7,202.3,85.7741935484,80.6896551724,82.0967741935,12.5322580645,13.2689655172,14.6032258065,20.1219354839,21.7227586207,19.9319354839
Maluku,2024-05,26.335483871,28.435483871,24.6419354839,91.6129032258,482.6,13.9806451613,14.0361290323,2389.0183333333334,9203.941666666668,38.53,26.5133333333,27.5193548387,28.2,542.2,348.5,103.7,91.7,85.7741935484,80.6896551724,10.4833333333,12.5322580645,13.2689655172,16.7453333333,20.1219354839,21.7227586207
Maluku,2024-06,25.77,27.51,24.26,88.8666666667,447.6,16.15,14.0063333333,2389.0183333333334,9203.941666666668,38.53,26.335483871,26.5133333333,27.5193548387,482.6,542.2,348.5,91.6129032258,91.7,85.7741935484,13.9806451613,10.4833333333,12.5322580645,14.0361290323,16.7453333333,20.1219354839
Maluku,2024-07,25.4516129032,27.0193548387,24.1451612903,86.7419354839,367.1,18.3709677419,14.8303225806,2389.0183333333334,9203.941666666668,38.53,25.77,26.335483871,26.5133333333,447.6,482.6,542.2,88.8666666667,91.6129032258,91.7,16.15,13.9806451613,10.4833333333,14.0063333333,14.0361290323,16.7453333333
Maluku,2024-08,25.4548387097,27.2483870968,24.0258064516,87.2580645161,329.4,17.6903225806,16.1322580645,2389.0183333333334,9203.941666666668,38.53,25.4516129032,25.77,26.335483871,367.1,447.6,482.6,86.7419354839,88.8666666667,91.6129032258,18.3709677419,16.15,13.9806451613,14.8303225806,14.0063333333,14.0361290323
Maluku,2024-09,26.22,28.3533333333,24.53,87.0,181.6,14.7766666667,20.1113333333,2389.0183333333334,9203.941666666668,38.53,25.4548387097,25.4516129032,25.77,329.4,367.1,447.6,87.2580645161,86.7419354839,88.8666666667,17.6903225806,18.3709677419,16.15,16.1322580645,14.8303225806,14.0063333333
Maluku,2024-10,26.5774193548,29.1774193548,24.3612903226,86.5806451613,225.1,12.4935483871,21.1977419355,2389.0183333333334,9203.941666666668,38.53,26.22,25.4548387097,25.4516129032,181.6,329.4,367.1,87.0,87.2580645161,86.7419354839,14.7766666667,17.6903225806,18.3709677419,20.1113333333,16.1322580645,14.8303225806
Maluku,2024-11,26.8533333333,30.0866666667,24.3733333333,88.2666666667,359.5,10.55,20.6383333333,2389.0183333333334,9203.941666666668,38.53,26.5774193548,26.22,25.4548387097,225.1,181.6,329.4,86.5806451613,87.0,87.2580645161,12.4935483871,14.7766666667,17.6903225806,21.1977419355,20.1113333333,16.1322580645
Maluku,2024-12,27.0129032258,30.3387096774,24.9548387097,88.8064516129,440.2,10.5935483871,17.6858064516,2389.0183333333334,9203.941666666668,38.53,26.8533333333,26.5774193548,26.22,359.5,225.1,181.6,88.2666666667,86.5806451613,87.0,10.55,12.4935483871,14.7766666667,20.6383333333,21.1977419355,20.1113333333
Maluku Utara,2024-01,27.2709677419,29.1032258065,25.8,84.4193548387,272.2,17.1064516129,19.2935483871,858.4925,3615.2374999999997,42.11,,,,,,,,,,,,,,,
Maluku Utara,2024-02,27.4827586207,29.4896551724,26.0482758621,83.6896551724,81.2,17.4862068966,23.0393103448,858.4925,3615.2374999999997,42.11,27.2709677419,,,272.2,,,84.4193548387,,,17.1064516129,,,19.2935483871,,
Maluku Utara,2024-03,27.4580645161,29.5483870968,25.9193548387,83.5483870968,130.1,16.9806451613,22.6709677419,858.4925,3615.2374999999997,42.11,27.4827586207,27.2709677419,,81.2,272.2,,83.6896551724,84.4193548387,,17.4862068966,17.1064516129,,23.0393103448,19.2935483871,
Maluku Utara,2024-04,27.7666666667,29.9966666667,26.18,83.9,186.6,12.7733333333,21.666,858.4925,3615.2374999999997,42.11,27.4580645161,27.4827586207,27.2709677419,130.1,81.2,272.2,83.5483870968,83.6896551724,84.4193548387,16.9806451613,17.4862068966,17.1064516129,22.6709677419,23.0393103448,19.2935483871
Maluku Utara,2024-05,27.7451612903,29.7096774194,25.9516129032,86.4193548387,249.4,11.2612903226,19.5848387097,858.4925,3615.2374999999997,42.11,27.7666666667,27.4580645161,27.4827586207,186.6,130.1,81.2,83.9,83.5483870968,83.6896551724,12.7733333333,16.9806451613,17.4862068966,21.666,22.6709677419,23.0393103448
Maluku Utara,2024-06,26.8033333333,28.5733333333,25.1233333333,88.2333333333,367.9,10.9,16.6193333333,858.4925,3615.2374999999997,42.11,27.7451612903,27.7666666667,27.4580645161,249.4,186.6,130.1,86.4193548387,83.9,83.5483870968,11.2612903226,12.7733333333,16.9806451613,19.5848387097,21.666,22.6709677419
Maluku Utara,2024-07,27.0483870968,28.8064516129,25.5709677419,84.2258064516,178.3,14.0935483871,18.4903225806,858.4925,3615.2374999999997,42.11,26.8033333333,27.7451612903,27.7666666667,367.9,249.4,186.6,88.2333333333,86.4193548387,83.9,10.9,11.2612903226,12.7733333333,16.6193333333,19.5848387097,21.666
Maluku Utara,2024-08,26.4548387097,28.3290322581,24.8258064516,87.5161290323,327.9,12.3741935484,18.2187096774,858.4925,3615.2374999999997,42.11,27.0483870968,26.8033333333,27.7451612903,178.3,367.9,249.4,84.2258064516,88.2333333333,86.4193548387,14.0935483871,10.9,11.2612903226,18.4903225806,16.6193333333,19.5848387097
Maluku Utara,2024-09,27.5266666667,29.4833333333,26.0466666667,82.6,83.4,14.9033333333,21.474,858.4925,3615.2374999999997,42.11,26.4548387097,27.0483870968,26.8033333333,327.9,178.3,367.9,87.5161290323,84.2258064516,88.2333333333,12.3741935484,14.0935483871,10.9,18.2187096774,18.4903225806,16.6193333333
Maluku Utara,2024-10,27.4806451613,29.5225806452,25.8387096774,83.6774193548,184.7,12.4258064516,22.0803225806,858.4925,3615.2374999999997,42.11,27.5266666667,26.4548387097,27.0483870968,83.4,327.9,178.3,82.6,87.5161290323,84.2258064516,14.9033333333,12.3741935484,14.0935483871,21.474,18.2187096774,18.4903225806
Maluku Utara,2024-11,27.68,30.57,25.7566666667,83.1666666667,138.5,10.0266666667,20.833,858.4925,3615.2374999999997,42.11,27.4806451613,27.5266666667,26.4548387097,184.7,83.4,327.9,83.6774193548,82.6,87.5161290323,12.4258064516,14.9033333333,12.3741935484,22.0803225806,21.474,18.2187096774
Maluku Utara,2024-12,27.2709677419,29.2709677419,25.6677419355,87.0967741935,296.7,14.4258064516,18.5248387097,858.4925,3615.2374999999997,42.11,27.68,27.4806451613,27.5266666667,138.5,184.7,83.4,83.1666666667,83.6774193548,82.6,10.0266666667,12.4258064516,14.9033333333,20.833,22.0803225806,21.474
Nusa Tenggara Barat,2024-01,27.2870967742,30.5483870968,24.535483871,83.6129032258,182.5,16.6064516129,20.4593548387,22788.40166666667,109765.8175,48.17,,,,,,,,,,,,,,,
Nusa Tenggara Barat,2024-02,27.0586206897,30.5068965517,24.1517241379,85.2413793103,197.4,14.8137931034,21.571034482800002,22788.40166666667,109765.8175,48.17,27.2870967742,,,182.5,,,83.6129032258,,,16.6064516129,,,20.4593548387,,
Nusa Tenggara Barat,2024-03,27.3290322581,30.7870967742,24.6580645161,82.7096774194,183.8,17.4419354839,20.1119354839,22788.40166666667,109765.8175,48.17,27.0586206897,27.2870967742,,197.4,182.5,,85.2413793103,83.6129032258,,14.8137931034,16.6064516129,,21.571034482800002,20.4593548387,
Nusa Tenggara Barat,2024-04,27.2566666667,31.0633333333,24.6033333333,84.9333333333,184.0,13.7533333333,18.7813333333,22788.40166666667,109765.8175,48.17,27.3290322581,27.0586206897,27.2870967742,183.8,197.4,182.5,82.7096774194,85.2413793103,83.6129032258,17.4419354839,14.8137931034,16.6064516129,20.1119354839,21.571034482800002,20.4593548387
Nusa Tenggara Barat,2024-05,27.7258064516,32.1774193548,24.4483870968,77.1612903226,33.4,16.7032258065,19.9970967742,22788.40166666667,109765.8175,48.17,27.2566666667,27.3290322581,27.0586206897,184.0,183.8,197.4,84.9333333333,82.7096774194,85.2413793103,13.7533333333,17.4419354839,14.8137931034,18.7813333333,20.1119354839,21.571034482800002
Nusa Tenggara Barat,2024-06,26.94,31.4866666667,23.7066666667,76.3666666667,44.9,18.19,17.8316666667,22788.40166666667,109765.8175,48.17,27.7258064516,27.2566666667,27.3290322581,33.4,184.0,183.8,77.1612903226,84.9333333333,82.7096774194,16.7032258065,13.7533333333,17.4419354839,19.9970967742,18.7813333333,20.1119354839
Nusa Tenggara Barat,2024-07,26.1129032258,30.9580645161,22.8064516129,74.6774193548,62.3,19.5967741935,18.2338709677,22788.40166666667,109765.8175,48.17,26.94,27.7258064516,27.2566666667,44.9,33.4,184.0,76.3666666667,77.1612903226,84.9333333333,18.19,16.7032258065,13.7533333333,17.8316666667,19.9970967742,18.7813333333
Nusa Tenggara Barat,2024-08,26.2612903226,31.164516129,22.7032258065,74.1935483871,11.7,19.2387096774,21.2561290323,22788.40166666667,109765.8175,48.17,26.1129032258,26.94,27.7258064516,62.3,44.9,33.4,74.6774193548,76.3666666667,77.1612903226,19.5967741935,18.19,16.7032258065,18.2338709677,17.8316666667,19.9970967742
Nusa Tenggara Barat,2024-09,27.33,32.58,23.18,73.7666666667,59.0,17.4366666667,22.665,22788.40166666667,109765.8175,48.17,26.2612903226,26.1129032258,26.94,11.7,62.3,44.9,74.1935483871,74.6774193548,76.3666666667,19.2387096774,19.5967741935,18.19,21.2561290323,18.2338709677,17.8316666667
Nusa Tenggara Barat,2024-10,28.264516129,33.564516129,24.3032258065,72.1612903226,51.7,17.4322580645,23.8090322581,22788.40166666667,109765.8175,48.17,27.33,26.2612903226,26.1129032258,59.0,11.7,62.3,73.7666666667,74.1935483871,74.6774193548,17.4366666667,19.2387096774,19.5967741935,22.665,21.2561290323,18.2338709677
Nusa Tenggara Barat,2024-11,27.2333333333,32.0366666667,23.6266666667,81.5333333333,254.1,13.2766666667,21.0313333333,22788.40166666667,109765.8175,48.17,28.264516129,27.33,26.2612903226,51.7,59.0,11.7,72.1612903226,73.7666666667,74.1935483871,17.4322580645,17.4366666667,19.2387096774,23.8090322581,22.665,21.2561290323
Nusa Tenggara Barat,2024-12,26.2580645161,29.3870967742,24.1258064516,89.1290322581,402.4,14.4548387097,15.8441935484,22788.40166666667,109765.8175,48.17,27.2333333333,28.264516129,27.33,254.1,51.7,59.0,81.5333333333,72.1612903226,73.7666666667,13.2766666667,17.4322580645,17.4366666667,21.0313333333,23.8090322581,22.665
Nusa Tenggara Timur,2024-01,27.8516129032,30.5677419355,25.4387096774,80.7419354839,197.0,20.5258064516,21.2448387097,15140.885833333334,60418.69166666667,39.9,,,,,,,,,,,,,,,
Nusa Tenggara Timur,2024-02,27.3068965517,29.5413793103,25.375862069,84.4137931034,112.0,17.2103448276,21.0468965517,15140.885833333334,60418.69166666667,39.9,27.8516129032,,,197.0,,,80.7419354839,,,20.5258064516,,,21.2448387097,,
Nusa Tenggara Timur,2024-03,27.0935483871,29.4290322581,25.2032258065,85.8387096774,310.2,16.4741935484,18.2090322581,15140.885833333334,60418.69166666667,39.9,27.3068965517,27.8516129032,,112.0,197.0,,84.4137931034,80.7419354839,,17.2103448276,20.5258064516,,21.0468965517,21.2448387097,
Nusa Tenggara Timur,2024-04,27.4366666667,31.0066666667,25.1333333333,77.6333333333,75.3,18.9166666667,19.511,15140.885833333334,60418.69166666667,39.9,27.0935483871,27.3068965517,27.8516129032,310.2,112.0,197.0,85.8387096774,84.4137931034,80.7419354839,16.4741935484,17.2103448276,20.5258064516,18.2090322581,21.0468965517,21.2448387097
Nusa Tenggara Timur,2024-05,27.8193548387,31.9774193548,25.1580645161,70.4516129032,13.7,23.7419354839,19.6825806452,15140.885833333334,60418.69166666667,39.9,27.4366666667,27.0935483871,27.3068965517,75.3,310.2,112.0,77.6333333333,85.8387096774,84.4137931034,18.9166666667,16.4741935484,17.2103448276,19.511,18.2090322581,21.0468965517
Nusa Tenggara Timur,2024-06,26.5666666667,30.8366666667,23.8033333333,68.1333333333,1.5,23.2333333333,18.3026666667,15140.885833333334,60418.69166666667,39.9,27.8193548387,27.4366666667,27.0935483871,13.7,75.3,310.2,70.4516129032,77.6333333333,85.8387096774,23.7419354839,18.9166666667,16.4741935484,19.6825806452,19.511,18.2090322581
Nusa Tenggara Timur,2024-07,25.9580645161,30.4677419355,23.0387096774,66.0967741935,19.4,26.0612903226,19.0032258065,15140.885833333334,60418.69166666667,39.9,26.5666666667,27.8193548387,27.4366666667,1.5,13.7,75.3,68.1333333333,70.4516129032,77.6333333333,23.2333333333,23.7419354839,18.9166666667,18.3026666667,19.6825806452,19.511
Nusa Tenggara Timur,2024-08,26.4612903226,31.9193548387,22.7935483871,65.4516129032,0.9,23.8,22.6412903226,15140.885833333334,60418.69166666667,39.9,25.9580645161,26.5666666667,27.8193548387,19.4,1.5,13.7,66.0967741935,68.1333333333,70.4516129032,26.0612903226,23.2333333333,23.7419354839,19.0032258065,18.3026666667,19.6825806452
Nusa Tenggara Timur,2024-09,27.48,32.68,23.92,68.7333333333,36.6,21.7766666667,23.446,15140.885833333334,60418.69166666667,39.9,26.4612903226,25.9580645161,26.5666666667,0.9,19.4,1.5,65.4516129032,66.0967741935,68.1333333333,23.8,26.0612903226,23.2333333333,22.6412903226,19.0032258065,18.3026666667
Nusa Tenggara Timur,2024-10,28.7096774194,33.8161290323,24.8,68.2580645161,53.1,20.1225806452,24.2667741935,15140.885833333334,60418.69166666667,39.9,27.48,26.4612903226,25.9580645161,36.6,0.9,19.4,68.7333333333,65.4516129032,66.0967741935,21.7766666667,23.8,26.0612903226,23.446,22.6412903226,19.0032258065
Nusa Tenggara Timur,2024-11,28.6433333333,32.6833333333,25.6333333333,74.2,154.2,15.3033333333,24.0593333333,15140.885833333334,60418.69166666667,39.9,28.7096774194,27.48,26.4612903226,53.1,36.6,0.9,68.2580645161,68.7333333333,65.4516129032,20.1225806452,21.7766666667,23.8,24.2667741935,23.446,22.6412903226
Nusa Tenggara Timur,2024-12,27.1,29.2612903226,25.5064516129,85.8064516129,276.9,14.2838709677,17.8264516129,15140.885833333334,60418.69166666667,39.9,28.6433333333,28.7096774194,27.48,154.2,53.1,36.6,74.2,68.2580645161,68.7333333333,15.3033333333,20.1225806452,21.7766666667,24.0593333333,24.2667741935,23.446
Papua,2024-01,25.6838709677,28.7258064516,23.6064516129,92.7096774194,779.6,7.7967741935,14.3141935484,4393.96,13833.525,31.48,,,,,,,,,,,,,,,
Papua,2024-02,26.1310344828,29.3793103448,23.7931034483,89.6551724138,531.5,8.2793103448,17.2986206897,4393.96,13833.525,31.48,25.6838709677,,,779.6,,,92.7096774194,,,7.7967741935,,,14.3141935484,,
Papua,2024-03,25.9935483871,29.2,23.5903225806,91.0967741935,633.6,8.970967741900001,16.5164516129,4393.96,13833.525,31.48,26.1310344828,25.6838709677,,531.5,779.6,,89.6551724138,92.7096774194,,8.2793103448,7.7967741935,,17.2986206897,14.3141935484,
Papua,2024-04,26.0933333333,29.4266666667,23.7366666667,90.3,657.2,10.1033333333,17.7003333333,4393.96,13833.525,31.48,25.9935483871,26.1310344828,25.6838709677,633.6,531.5,779.6,91.0967741935,89.6551724138,92.7096774194,8.970967741900001,8.2793103448,7.7967741935,16.5164516129,17.2986206897,14.3141935484
Papua,2024-05,25.9064516129,29.0806451613,23.7806451613,92.0322580645,621.0,9.9193548387,15.06,4393.96,13833.525,31.48,26.0933333333,25.9935483871,26.1310344828,657.2,633.6,531.5,90.3,91.0967741935,89.6551724138,10.1033333333,8.970967741900001,8.2793103448,17.7003333333,16.5164516129,17.2986206897
Papua,2024-06,25.5733333333,28.8233333333,23.29,90.4333333333,342.4,10.2533333333,15.9496666667,4393.96,13833.525,31.48,25.9064516129,26.0933333333,25.9935483871,621.0,657.2,633.6,92.0322580645,90.3,91.0967741935,9.9193548387,10.1033333333,8.970967741900001,15.06,17.7003333333,16.5164516129
Papua,2024-07,25.6258064516,28.8032258065,23.3032258065,88.2258064516,219.2,10.1419354839,16.6232258065,4393.96,13833.525,31.48,25.5733333333,25.9064516129,26.0933333333,342.4,621.0,657.2,90.4333333333,92.0322580645,90.3,10.2533333333,9.9193548387,10.1033333333,15.9496666667,15.06,17.7003333333
Papua,2024-08,25.835483871,29.0193548387,23.4419354839,86.3225806452,184.0,12.6806451613,19.8361290323,4393.96,13833.525,31.48,25.6258064516,25.5733333333,25.9064516129,219.2,342.4,621.0,88.2258064516,90.4333333333,92.0322580645,10.1419354839,10.2533333333,9.9193548387,16.6232258065,15.9496666667,15.06
Papua,2024-09,26.0266666667,29.6566666667,23.3633333333,86.3666666667,163.4,10.9533333333,20.0193333333,4393.96,13833.525,31.48,25.835483871,25.6258064516,25.5733333333,184.0,219.2,342.4,86.3225806452,88.2258064516,90.4333333333,12.6806451613,10.1419354839,10.2533333333,19.8361290323,16.6232258065,15.9496666667
Papua,2024-10,25.9870967742,29.4580645161,23.5032258065,86.3870967742,189.1,11.035483871,19.8451612903,4393.96,13833.525,31.48,26.0266666667,25.835483871,25.6258064516,163.4,184.0,219.2,86.3666666667,86.3225806452,88.2258064516,10.9533333333,12.6806451613,10.1419354839,20.0193333333,19.8361290323,16.6232258065
Papua,2024-11,26.3066666667,29.8433333333,23.76,85.2333333333,153.4,11.8933333333,20.853,4393.96,13833.525,31.48,25.9870967742,26.0266666667,25.835483871,189.1,163.4,184.0,86.3870967742,86.3666666667,86.3225806452,11.035483871,10.9533333333,12.6806451613,19.8451612903,20.0193333333,19.8361290323
Papua,2024-12,26.3290322581,29.6870967742,24.0193548387,87.9677419355,402.9,9.2741935484,17.2570967742,4393.96,13833.525,31.48,26.3066666667,25.9870967742,26.0266666667,153.4,189.1,163.4,85.2333333333,86.3870967742,86.3666666667,11.8933333333,11.035483871,10.9533333333,20.853,19.8451612903,20.0193333333
Papua Barat,2024-01,26.2193548387,30.0161290323,23.9096774194,86.4516129032,265.3,12.7516129032,17.5306451613,630.8858333333334,2031.5275000000001,32.2,,,,,,,,,,,,,,,
Papua Barat,2024-02,26.1137931034,29.7,23.8517241379,86.1034482759,332.2,12.8827586207,18.9696551724,630.8858333333334,2031.5275000000001,32.2,26.2193548387,,,265.3,,,86.4516129032,,,12.7516129032,,,17.5306451613,,
Papua Barat,2024-03,26.5290322581,30.3612903226,23.9838709677,84.8387096774,268.4,13.4096774194,20.0693548387,630.8858333333334,2031.5275000000001,32.2,26.1137931034,26.2193548387,,332.2,265.3,,86.1034482759,86.4516129032,,12.8827586207,12.7516129032,,18.9696551724,17.5306451613,
Papua Barat,2024-04,26.3433333333,29.7766666667,23.9266666667,87.8666666667,414.4,11.69,19.164,630.8858333333334,2031.5275000000001,32.2,26.5290322581,26.1137931034,26.2193548387,268.4,332.2,265.3,84.8387096774,86.1034482759,86.4516129032,13.4096774194,12.8827586207,12.7516129032,20.0693548387,18.9696551724,17.5306451613
Papua Barat,2024-05,26.5677419355,29.8870967742,24.2774193548,88.2903225806,304.9,12.2032258065,17.2774193548,630.8858333333334,2031.5275000000001,32.2,26.3433333333,26.5290322581,26.1137931034,414.4,268.4,332.2,87.8666666667,84.8387096774,86.1034482759,11.69,13.4096774194,12.8827586207,19.164,20.0693548387,18.9696551724
Papua Barat,2024-06,26.1033333333,29.1966666667,23.8366666667,87.7333333333,237.7,10.56,17.0263333333,630.8858333333334,2031.5275000000001,32.2,26.5677419355,26.3433333333,26.5290322581,304.9,414.4,268.4,88.2903225806,87.8666666667,84.8387096774,12.2032258065,11.69,13.4096774194,17.2774193548,19.164,20.0693548387
Papua Barat,2024-07,25.8,28.7032258065,23.6870967742,88.3870967742,196.5,10.9096774194,16.3438709677,630.8858333333334,2031.5275000000001,32.2,26.1033333333,26.5677419355,26.3433333333,237.7,304.9,414.4,87.7333333333,88.2903225806,87.8666666667,10.56,12.2032258065,11.69,17.0263333333,17.2774193548,19.164
Papua Barat,2024-08,26.1387096774,28.9387096774,23.7096774194,86.5806451613,207.7,13.5903225806,20.2725806452,630.8858333333334,2031.5275000000001,32.2,25.8,26.1033333333,26.5677419355,196.5,237.7,304.9,88.3870967742,87.7333333333,88.2903225806,10.9096774194,10.56,12.2032258065,16.3438709677,17.0263333333,17.2774193548
Papua Barat,2024-09,26.7466666667,29.9333333333,24.0233333333,83.5333333333,155.6,13.0333333333,21.6273333333,630.8858333333334,2031.5275000000001,32.2,26.1387096774,25.8,26.1033333333,207.7,196.5,237.7,86.5806451613,88.3870967742,87.7333333333,13.5903225806,10.9096774194,10.56,20.2725806452,16.3438709677,17.0263333333
Papua Barat,2024-10,26.6741935484,30.035483871,24.1129032258,83.4516129032,169.6,14.0580645161,21.1719354839,630.8858333333334,2031.5275000000001,32.2,26.7466666667,26.1387096774,25.8,155.6,207.7,196.5,83.5333333333,86.5806451613,88.3870967742,13.0333333333,13.5903225806,10.9096774194,21.6273333333,20.2725806452,16.3438709677
Papua Barat,2024-11,26.97,30.55,24.15,81.5333333333,137.8,13.2033333333,20.9783333333,630.8858333333334,2031.5275000000001,32.2,26.6741935484,26.7466666667,26.1387096774,169.6,155.6,207.7,83.4516129032,83.5333333333,86.5806451613,14.0580645161,13.0333333333,13.5903225806,21.1719354839,21.6273333333,20.2725806452
Papua Barat,2024-12,26.2096774194,30.0258064516,23.7387096774,86.935483871,263.4,12.235483871,16.874516129,630.8858333333334,2031.5275000000001,32.2,26.97,26.6741935484,26.7466666667,137.8,169.6,155.6,81.5333333333,83.4516129032,83.5333333333,13.2033333333,14.0580645161,13.0333333333,20.9783333333,21.1719354839,21.6273333333
Riau,2024-01,25.5548387097,29.4967741935,23.0322580645,91.5806451613,460.1,10.5258064516,15.2777419355,5394.4275,20307.086666666666,37.64,,,,,,,,,,,,,,,
Riau,2024-02,26.2965517241,30.6034482759,23.3413793103,89.275862069,294.9,10.4103448276,18.234137931,5394.4275,20307.086666666666,37.64,25.5548387097,,,460.1,,,91.5806451613,,,10.5258064516,,,15.2777419355,,
Riau,2024-03,27.035483871,31.4612903226,23.9387096774,87.6129032258,260.8,9.2967741935,19.7661290323,5394.4275,20307.086666666666,37.64,26.2965517241,25.5548387097,,294.9,460.1,,89.275862069,91.5806451613,,10.4103448276,10.5258064516,,18.234137931,15.2777419355,
Riau,2024-04,26.98,31.67,24.14,90.7,421.7,9.9433333333,18.2323333333,5394.4275,20307.086666666666,37.64,27.035483871,26.2965517241,25.5548387097,260.8,294.9,460.1,87.6129032258,89.275862069,91.5806451613,9.2967741935,10.4103448276,10.5258064516,19.7661290323,18.234137931,15.2777419355
Riau,2024-05,27.2064516129,31.3483870968,24.4774193548,90.1935483871,333.9,11.0806451613,16.8,5394.4275,20307.086666666666,37.64,26.98,27.035483871,26.2965517241,421.7,260.8,294.9,90.7,87.6129032258,89.275862069,9.9433333333,9.2967741935,10.4103448276,18.2323333333,19.7661290323,18.234137931
Riau,2024-06,26.64,30.8066666667,23.62,89.3,254.8,9.6066666667,16.995,5394.4275,20307.086666666666,37.64,27.2064516129,26.98,27.035483871,333.9,421.7,260.8,90.1935483871,90.7,87.6129032258,11.0806451613,9.9433333333,9.2967741935,16.8,18.2323333333,19.7661290323
Riau,2024-07,27.5580645161,32.1419354839,24.0903225806,81.0967741935,104.4,11.0129032258,18.8593548387,5394.4275,20307.086666666666,37.64,26.64,27.2064516129,26.98,254.8,333.9,421.7,89.3,90.1935483871,90.7,9.6066666667,11.0806451613,9.9433333333,16.995,16.8,18.2323333333
Riau,2024-08,26.3806451613,31.1419354839,23.2419354839,86.935483871,268.0,10.970967741900001,16.8138709677,5394.4275,20307.086666666666,37.64,27.5580645161,26.64,27.2064516129,104.4,254.8,333.9,81.0967741935,89.3,90.1935483871,11.0129032258,9.6066666667,11.0806451613,18.8593548387,16.995,16.8
Riau,2024-09,26.8533333333,31.6233333333,23.5133333333,86.2,222.4,10.1266666667,18.213,5394.4275,20307.086666666666,37.64,26.3806451613,27.5580645161,26.64,268.0,104.4,254.8,86.935483871,81.0967741935,89.3,10.970967741900001,11.0129032258,9.6066666667,16.8138709677,18.8593548387,16.995
Riau,2024-10,27.2096774194,31.9935483871,23.6290322581,83.5161290323,236.1,9.9,19.7612903226,5394.4275,20307.086666666666,37.64,26.8533333333,26.3806451613,27.5580645161,222.4,268.0,104.4,86.2,86.935483871,81.0967741935,10.1266666667,10.970967741900001,11.0129032258,18.213,16.8138709677,18.8593548387
Riau,2024-11,26.1166666667,30.2333333333,23.3266666667,89.1,453.9,10.7633333333,16.7116666667,5394.4275,20307.086666666666,37.64,27.2096774194,26.8533333333,26.3806451613,236.1,222.4,268.0,83.5161290323,86.2,86.935483871,9.9,10.1266666667,10.970967741900001,19.7612903226,18.213,16.8138709677
Riau,2024-12,26.8967741935,30.9225806452,23.9064516129,84.8709677419,284.8,11.6903225806,17.7603225806,5394.4275,20307.086666666666,37.64,26.1166666667,27.2096774194,26.8533333333,453.9,236.1,222.4,89.1,83.5161290323,86.2,10.7633333333,9.9,10.1266666667,16.7116666667,19.7612903226,18.213
Sulawesi Barat,2024-01,17.1161290323,20.6548387097,14.3032258065,90.6774193548,388.4,9.9548387097,16.2551612903,5402.181666666666,28754.1975,53.23,,,,,,,,,,,,,,,
Sulawesi Barat,2024-02,17.4275862069,21.1965517241,14.4,89.275862069,250.6,9.375862069,18.3989655172,5402.181666666666,28754.1975,53.23,17.1161290323,,,388.4,,,90.6774193548,,,9.9548387097,,,16.2551612903,,
Sulawesi Barat,2024-03,17.6,21.2322580645,14.7161290323,88.8064516129,420.8,8.2612903226,16.6967741935,5402.181666666666,28754.1975,53.23,17.4275862069,17.1161290323,,250.6,388.4,,89.275862069,90.6774193548,,9.375862069,9.9548387097,,18.3989655172,16.2551612903,
Sulawesi Barat,2024-04,17.6433333333,21.0366666667,15.0266666667,92.4333333333,414.4,7.1933333333,15.3206666667,5402.181666666666,28754.1975,53.23,17.6,17.4275862069,17.1161290323,420.8,250.6,388.4,88.8064516129,89.275862069,90.6774193548,8.2612903226,9.375862069,9.9548387097,16.6967741935,18.3989655172,16.2551612903
Sulawesi Barat,2024-05,17.9612903226,21.4419354839,15.3225806452,91.5806451613,258.7,6.1612903226,14.5622580645,5402.181666666666,28754.1975,53.23,17.6433333333,17.6,17.4275862069,414.4,420.8,250.6,92.4333333333,88.8064516129,89.275862069,7.1933333333,8.2612903226,9.375862069,15.3206666667,16.6967741935,18.3989655172
Sulawesi Barat,2024-06,16.98,20.48,14.1166666667,91.8666666667,466.5,6.25,14.4983333333,5402.181666666666,28754.1975,53.23,17.9612903226,17.6433333333,17.6,258.7,414.4,420.8,91.5806451613,92.4333333333,88.8064516129,6.1612903226,7.1933333333,8.2612903226,14.5622580645,15.3206666667,16.6967741935
Sulawesi Barat,2024-07,16.7677419355,20.4,13.7,89.8709677419,308.9,6.7,15.5396774194,5402.181666666666,28754.1975,53.23,16.98,17.9612903226,17.6433333333,466.5,258.7,414.4,91.8666666667,91.5806451613,92.4333333333,6.25,6.1612903226,7.1933333333,14.4983333333,14.5622580645,15.3206666667
Sulawesi Barat,2024-08,16.7225806452,20.7870967742,13.4580645161,89.1290322581,280.3,6.8967741935,17.5658064516,5402.181666666666,28754.1975,53.23,16.7677419355,16.98,17.9612903226,308.9,466.5,258.7,89.8709677419,91.8666666667,91.5806451613,6.7,6.25,6.1612903226,15.5396774194,14.4983333333,14.5622580645
Sulawesi Barat,2024-09,17.0066666667,21.54,13.2633333333,84.2333333333,272.0,8.1633333333,21.0716666667,5402.181666666666,28754.1975,53.23,16.7225806452,16.7677419355,16.98,280.3,308.9,466.5,89.1290322581,89.8709677419,91.8666666667,6.8967741935,6.7,6.25,17.5658064516,15.5396774194,14.4983333333
Sulawesi Barat,2024-10,16.8967741935,21.0838709677,13.4451612903,87.6451612903,287.2,7.4225806452,19.8977419355,5402.181666666666,28754.1975,53.23,17.0066666667,16.7225806452,16.7677419355,272.0,280.3,308.9,84.2333333333,89.1290322581,89.8709677419,8.1633333333,6.8967741935,6.7,21.0716666667,17.5658064516,15.5396774194
Sulawesi Barat,2024-11,16.8266666667,20.51,14.0866666667,93.4333333333,555.6,6.2833333333,15.286,5402.181666666666,28754.1975,53.23,16.8967741935,17.0066666667,16.7225806452,287.2,272.0,280.3,87.6451612903,84.2333333333,89.1290322581,7.4225806452,8.1633333333,6.8967741935,19.8977419355,21.0716666667,17.5658064516
Sulawesi Barat,2024-12,16.7838709677,19.6967741935,14.7903225806,91.6129032258,356.3,10.0258064516,13.1703225806,5402.181666666666,28754.1975,53.23,16.8266666667,16.8967741935,17.0066666667,555.6,287.2,272.0,93.4333333333,87.6451612903,84.2333333333,6.2833333333,7.4225806452,8.1633333333,15.286,19.8977419355,21.0716666667
Sulawesi Selatan,2024-01,26.7806451613,29.1451612903,24.8064516129,86.2903225806,478.3,15.0483870968,16.8522580645,81354.845,392372.0808333333,48.23,,,,,,,,,,,,,,,
Sulawesi Selatan,2024-02,27.0655172414,29.4275862069,24.8413793103,85.2413793103,257.8,13.124137931,19.8310344828,81354.845,392372.0808333333,48.23,26.7806451613,,,478.3,,,86.2903225806,,,15.0483870968,,,16.8522580645,,
Sulawesi Selatan,2024-03,27.1516129032,29.6387096774,24.964516129,86.0,313.4,13.1580645161,19.1367741935,81354.845,392372.0808333333,48.23,27.0655172414,26.7806451613,,257.8,478.3,,85.2413793103,86.2903225806,,13.124137931,15.0483870968,,19.8310344828,16.8522580645,
Sulawesi Selatan,2024-04,27.2966666667,29.8733333333,24.9066666667,86.6666666667,192.4,10.5333333333,19.083,81354.845,392372.0808333333,48.23,27.1516129032,27.0655172414,26.7806451613,313.4,257.8,478.3,86.0,85.2413793103,86.2903225806,13.1580645161,13.124137931,15.0483870968,19.1367741935,19.8310344828,16.8522580645
Sulawesi Selatan,2024-05,27.8225806452,30.4129032258,25.0774193548,84.1612903226,111.2,11.0483870968,18.9519354839,81354.845,392372.0808333333,48.23,27.2966666667,27.1516129032,27.0655172414,192.4,313.4,257.8,86.6666666667,86.0,85.2413793103,10.5333333333,13.1580645161,13.124137931,19.083,19.1367741935,19.8310344828
Sulawesi Selatan,2024-06,26.94,29.7833333333,24.05,83.2333333333,151.7,11.6566666667,18.5976666667,81354.845,392372.0808333333,48.23,27.8225806452,27.2966666667,27.1516129032,111.2,192.4,313.4,84.1612903226,86.6666666667,86.0,11.0483870968,10.5333333333,13.1580645161,18.9519354839,19.083,19.1367741935
Sulawesi Selatan,2024-07,26.664516129,29.8322580645,23.3806451613,79.6129032258,102.0,13.6161290323,19.5590322581,81354.845,392372.0808333333,48.23,26.94,27.8225806452,27.2966666667,151.7,111.2,192.4,83.2333333333,84.1612903226,86.6666666667,11.6566666667,11.0483870968,10.5333333333,18.5976666667,18.9519354839,19.083
Sulawesi Selatan,2024-08,28.035483871,32.0290322581,23.8129032258,65.9677419355,7.0,16.9419354839,22.4458064516,81354.845,392372.0808333333,48.23,26.664516129,26.94,27.8225806452,102.0,151.7,111.2,79.6129032258,83.2333333333,84.1612903226,13.6161290323,11.6566666667,11.0483870968,19.5590322581,18.5976666667,18.9519354839
Sulawesi Selatan,2024-09,28.6733333333,32.52,24.46,66.4333333333,23.5,18.8466666667,23.711,81354.845,392372.0808333333,48.23,28.035483871,26.664516129,26.94,7.0,102.0,151.7,65.9677419355,79.6129032258,83.2333333333,16.9419354839,13.6161290323,11.6566666667,22.4458064516,19.5590322581,18.5976666667
Sulawesi Selatan,2024-10,28.7129032258,32.4129032258,25.0806451613,71.0,49.4,18.6129032258,23.2706451613,81354.845,392372.0808333333,48.23,28.6733333333,28.035483871,26.664516129,23.5,7.0,102.0,66.4333333333,65.9677419355,79.6129032258,18.8466666667,16.9419354839,13.6161290323,23.711,22.4458064516,19.5590322581
Sulawesi Selatan,2024-11,27.4933333333,30.5633333333,24.99,81.4666666667,214.9,11.3033333333,20.0836666667,81354.845,392372.0808333333,48.23,28.7129032258,28.6733333333,28.035483871,49.4,23.5,7.0,71.0,66.4333333333,65.9677419355,18.6129032258,18.8466666667,16.9419354839,23.2706451613,23.711,22.4458064516
Sulawesi Selatan,2024-12,26.2419354839,28.0741935484,24.6935483871,88.4193548387,674.2,12.4258064516,13.5706451613,81354.845,392372.0808333333,48.23,27.4933333333,28.7129032258,28.6733333333,214.9,49.4,23.5,81.4666666667,71.0,66.4333333333,11.3033333333,18.6129032258,18.8466666667,20.0836666667,23.2706451613,23.711
Sulawesi Tengah,2024-01,26.735483871,30.6870967742,24.0548387097,89.2258064516,272.5,10.5774193548,18.3912903226,14838.911666666667,66020.73666666666,44.49,,,,,,,,,,,,,,,
Sulawesi Tengah,2024-02,27.0931034483,31.5896551724,24.1965517241,87.724137931,181.8,11.1379310345,20.3337931034,14838.911666666667,66020.73666666666,44.49,26.735483871,,,272.5,,,89.2258064516,,,10.5774193548,,,18.3912903226,,
Sulawesi Tengah,2024-03,27.4483870968,32.2387096774,24.5483870968,87.7419354839,248.0,10.735483871,19.9825806452,14838.911666666667,66020.73666666666,44.49,27.0931034483,26.735483871,,181.8,272.5,,87.724137931,89.2258064516,,11.1379310345,10.5774193548,,20.3337931034,18.3912903226,
Sulawesi Tengah,2024-04,27.3866666667,32.0033333333,24.79,89.2,395.7,10.48,18.9393333333,14838.911666666667,66020.73666666666,44.49,27.4483870968,27.0931034483,26.735483871,248.0,181.8,272.5,87.7419354839,87.724137931,89.2258064516,10.735483871,11.1379310345,10.5774193548,19.9825806452,20.3337931034,18.3912903226
Sulawesi Tengah,2024-05,27.4903225806,31.7322580645,25.0161290323,90.3870967742,346.9,9.4193548387,17.2493548387,14838.911666666667,66020.73666666666,44.49,27.3866666667,27.4483870968,27.0931034483,395.7,248.0,181.8,89.2,87.7419354839,87.724137931,10.48,10.735483871,11.1379310345,18.9393333333,19.9825806452,20.3337931034
Sulawesi Tengah,2024-06,26.5666666667,30.43,24.2533333333,90.9666666667,400.7,9.4733333333,16.0643333333,14838.911666666667,66020.73666666666,44.49,27.4903225806,27.3866666667,27.4483870968,346.9,395.7,248.0,90.3870967742,89.2,87.7419354839,9.4193548387,10.48,10.735483871,17.2493548387,18.9393333333,19.9825806452
Sulawesi Tengah,2024-07,26.5580645161,30.7064516129,23.9258064516,89.1612903226,265.3,9.9483870968,17.6525806452,14838.911666666667,66020.73666666666,44.49,26.5666666667,27.4903225806,27.3866666667,400.7,346.9,395.7,90.9666666667,90.3870967742,89.2,9.4733333333,9.4193548387,10.48,16.0643333333,17.2493548387,18.9393333333
Sulawesi Tengah,2024-08,26.5483870968,31.1774193548,23.7193548387,88.6774193548,258.1,10.5516129032,19.5664516129,14838.911666666667,66020.73666666666,44.49,26.5580645161,26.5666666667,27.4903225806,265.3,400.7,346.9,89.1612903226,90.9666666667,90.3870967742,9.9483870968,9.4733333333,9.4193548387,17.6525806452,16.0643333333,17.2493548387
Sulawesi Tengah,2024-09,27.29,32.1033333333,24.1766666667,85.8,220.6,11.4266666667,21.5426666667,14838.911666666667,66020.73666666666,44.49,26.5483870968,26.5580645161,26.5666666667,258.1,265.3,400.7,88.6774193548,89.1612903226,90.9666666667,10.5516129032,9.9483870968,9.4733333333,19.5664516129,17.6525806452,16.0643333333
Sulawesi Tengah,2024-10,27.0870967742,31.7387096774,24.2580645161,87.1935483871,288.6,10.8161290323,20.0964516129,14838.911666666667,66020.73666666666,44.49,27.29,26.5483870968,26.5580645161,220.6,258.1,265.3,85.8,88.6774193548,89.1612903226,11.4266666667,10.5516129032,9.9483870968,21.5426666667,19.5664516129,17.6525806452
Sulawesi Tengah,2024-11,27.4066666667,31.9666666667,24.5966666667,85.6666666667,227.9,11.5633333333,19.8073333333,14838.911666666667,66020.73666666666,44.49,27.0870967742,27.29,26.5483870968,288.6,220.6,258.1,87.1935483871,85.8,88.6774193548,10.8161290323,11.4266666667,10.5516129032,20.0964516129,21.5426666667,19.5664516129
Sulawesi Tengah,2024-12,28.2935483871,32.3677419355,25.2387096774,78.5806451613,138.1,9.9677419355,17.7448387097,14838.911666666667,66020.73666666666,44.49,27.4066666667,27.0870967742,27.29,227.9,288.6,220.6,85.6666666667,87.1935483871,85.8,11.5633333333,10.8161290323,11.4266666667,19.8073333333,20.0964516129,21.5426666667
Sulawesi Tenggara,2024-01,26.7032258065,31.5322580645,23.8903225806,90.2580645161,416.1,8.7032258065,19.1403225806,11141.429166666667,44397.79083333333,39.85,,,,,,,,,,,,,,,
Sulawesi Tenggara,2024-02,26.5517241379,31.124137931,23.4655172414,89.8965517241,324.5,8.5068965517,20.2517241379,11141.429166666667,44397.79083333333,39.85,26.7032258065,,,416.1,,,90.2580645161,,,8.7032258065,,,19.1403225806,,
Sulawesi Tenggara,2024-03,26.6064516129,30.3322580645,23.9548387097,90.4193548387,378.2,8.864516129,17.8003225806,11141.429166666667,44397.79083333333,39.85,26.5517241379,26.7032258065,,324.5,416.1,,89.8965517241,90.2580645161,,8.5068965517,8.7032258065,,20.2517241379,19.1403225806,
Sulawesi Tenggara,2024-04,26.2266666667,30.2333333333,23.6433333333,92.2333333333,462.7,8.2966666667,17.0256666667,11141.429166666667,44397.79083333333,39.85,26.6064516129,26.5517241379,26.7032258065,378.2,324.5,416.1,90.4193548387,89.8965517241,90.2580645161,8.864516129,8.5068965517,8.7032258065,17.8003225806,20.2517241379,19.1403225806
Sulawesi Tenggara,2024-05,26.0612903226,29.7870967742,23.4870967742,91.935483871,341.1,9.1032258065,16.0909677419,11141.429166666667,44397.79083333333,39.85,26.2266666667,26.6064516129,26.5517241379,462.7,378.2,324.5,92.2333333333,90.4193548387,89.8965517241,8.2966666667,8.864516129,8.5068965517,17.0256666667,17.8003225806,20.2517241379
Sulawesi Tenggara,2024-06,25.4833333333,29.4366666667,22.4266666667,88.7,194.7,9.6566666667,16.8196666667,11141.429166666667,44397.79083333333,39.85,26.0612903226,26.2266666667,26.6064516129,341.1,462.7,378.2,91.935483871,92.2333333333,90.4193548387,9.1032258065,8.2966666667,8.864516129,16.0909677419,17.0256666667,17.8003225806
Sulawesi Tenggara,2024-07,24.9193548387,28.7903225806,22.0,89.1935483871,244.7,9.8225806452,16.6961290323,11141.429166666667,44397.79083333333,39.85,25.4833333333,26.0612903226,26.2266666667,194.7,341.1,462.7,88.7,91.935483871,92.2333333333,9.6566666667,9.1032258065,8.2966666667,16.8196666667,16.0909677419,17.0256666667
Sulawesi Tenggara,2024-08,25.2709677419,30.0612903226,21.3161290323,83.3870967742,93.9,11.3935483871,20.0635483871,11141.429166666667,44397.79083333333,39.85,24.9193548387,25.4833333333,26.0612903226,244.7,194.7,341.1,89.1935483871,88.7,91.935483871,9.8225806452,9.6566666667,9.1032258065,16.6961290323,16.8196666667,16.0909677419
Sulawesi Tenggara,2024-09,26.44,31.59,22.34,81.7666666667,76.8,11.6566666667,21.9466666667,11141.429166666667,44397.79083333333,39.85,25.2709677419,24.9193548387,25.4833333333,93.9,244.7,194.7,83.3870967742,89.1935483871,88.7,11.3935483871,9.8225806452,9.6566666667,20.0635483871,16.6961290323,16.8196666667
Sulawesi Tenggara,2024-10,26.9483870968,32.0193548387,22.9258064516,81.935483871,138.4,10.8903225806,22.2212903226,11141.429166666667,44397.79083333333,39.85,26.44,25.2709677419,24.9193548387,76.8,93.9,244.7,81.7666666667,83.3870967742,89.1935483871,11.6566666667,11.3935483871,9.8225806452,21.9466666667,20.0635483871,16.6961290323
Sulawesi Tenggara,2024-11,26.97,32.1933333333,23.5366666667,85.8333333333,232.9,9.1733333333,21.1216666667,11141.429166666667,44397.79083333333,39.85,26.9483870968,26.44,25.2709677419,138.4,76.8,93.9,81.935483871,81.7666666667,83.3870967742,10.8903225806,11.6566666667,11.3935483871,22.2212903226,21.9466666667,20.0635483871
Sulawesi Tenggara,2024-12,26.8,30.6806451613,24.235483871,87.2258064516,325.8,10.9612903226,16.904516129,11141.429166666667,44397.79083333333,39.85,26.97,26.9483870968,26.44,232.9,138.4,76.8,85.8333333333,81.935483871,81.7666666667,9.1733333333,10.8903225806,11.6566666667,21.1216666667,22.2212903226,21.9466666667
Sulawesi Utara,2024-01,26.1322580645,28.964516129,24.0548387097,87.8709677419,349.9,10.4064516129,16.4861290323,5152.321666666667,20739.95666666667,40.25,,,,,,,,,,,,,,,
Sulawesi Utara,2024-02,26.3413793103,29.3137931034,24.1344827586,84.7586206897,159.1,12.6206896552,19.6568965517,5152.321666666667,20739.95666666667,40.25,26.1322580645,,,349.9,,,87.8709677419,,,10.4064516129,,,16.4861290323,,
Sulawesi Utara,2024-03,26.6193548387,29.6483870968,24.4548387097,84.4516129032,171.3,12.9225806452,20.4025806452,5152.321666666667,20739.95666666667,40.25,26.3413793103,26.1322580645,,159.1,349.9,,84.7586206897,87.8709677419,,12.6206896552,10.4064516129,,19.6568965517,16.4861290323,
Sulawesi Utara,2024-04,26.7333333333,29.8033333333,24.2733333333,84.9666666667,181.4,11.03,19.5773333333,5152.321666666667,20739.95666666667,40.25,26.6193548387,26.3413793103,26.1322580645,171.3,159.1,349.9,84.4516129032,84.7586206897,87.8709677419,12.9225806452,12.6206896552,10.4064516129,20.4025806452,19.6568965517,16.4861290323
Sulawesi Utara,2024-05,27.2935483871,30.6741935484,24.9322580645,84.935483871,195.9,9.8548387097,19.26,5152.321666666667,20739.95666666667,40.25,26.7333333333,26.6193548387,26.3413793103,181.4,171.3,159.1,84.9666666667,84.4516129032,84.7586206897,11.03,12.9225806452,12.6206896552,19.5773333333,20.4025806452,19.6568965517
Sulawesi Utara,2024-06,26.3133333333,29.4433333333,24.34,87.8666666667,258.8,8.36,15.642,5152.321666666667,20739.95666666667,40.25,27.2935483871,26.7333333333,26.6193548387,195.9,181.4,171.3,84.935483871,84.9666666667,84.4516129032,9.8548387097,11.03,12.9225806452,19.26,19.5773333333,20.4025806452
Sulawesi Utara,2024-07,26.5193548387,29.8161290323,23.835483871,84.2580645161,171.2,9.7129032258,17.8848387097,5152.321666666667,20739.95666666667,40.25,26.3133333333,27.2935483871,26.7333333333,258.8,195.9,181.4,87.8666666667,84.935483871,84.9666666667,8.36,9.8548387097,11.03,15.642,19.26,19.5773333333
Sulawesi Utara,2024-08,26.2967741935,29.7322580645,23.9419354839,84.8064516129,348.1,9.7161290323,18.2767741935,5152.321666666667,20739.95666666667,40.25,26.5193548387,26.3133333333,27.2935483871,171.2,258.8,195.9,84.2580645161,87.8666666667,84.935483871,9.7129032258,8.36,9.8548387097,17.8848387097,15.642,19.26
Sulawesi Utara,2024-09,27.42,31.6433333333,24.2666666667,74.9333333333,55.1,11.7333333333,21.8723333333,5152.321666666667,20739.95666666667,40.25,26.2967741935,26.5193548387,26.3133333333,348.1,171.2,258.8,84.8064516129,84.2580645161,87.8666666667,9.7161290323,9.7129032258,8.36,18.2767741935,17.8848387097,15.642
Sulawesi Utara,2024-10,26.9258064516,30.8419354839,24.2096774194,81.0967741935,132.8,10.0548387097,20.5641935484,5152.321666666667,20739.95666666667,40.25,27.42,26.2967741935,26.5193548387,55.1,348.1,171.2,74.9333333333,84.8064516129,84.2580645161,11.7333333333,9.7161290323,9.7129032258,21.8723333333,18.2767741935,17.8848387097
Sulawesi Utara,2024-11,26.6333333333,30.0633333333,24.43,85.0,180.1,9.8433333333,18.6096666667,5152.321666666667,20739.95666666667,40.25,26.9258064516,27.42,26.2967741935,132.8,55.1,348.1,81.0967741935,74.9333333333,84.8064516129,10.0548387097,11.7333333333,9.7161290323,20.5641935484,21.8723333333,18.2767741935
Sulawesi Utara,2024-12,26.5064516129,29.435483871,24.7193548387,88.4516129032,329.9,11.8483870968,17.5851612903,5152.321666666667,20739.95666666667,40.25,26.6333333333,26.9258064516,27.42,180.1,132.8,55.1,85.0,81.0967741935,74.9333333333,9.8433333333,10.0548387097,11.7333333333,18.6096666667,20.5641935484,21.8723333333
Sumatera Barat,2024-01,26.1903225806,29.0903225806,23.8032258065,88.6774193548,396.5,9.1870967742,17.4119354839,24638.70583333333,115605.77416666667,46.92,,,,,,,,,,,,,,,
Sumatera Barat,2024-02,26.8413793103,29.9724137931,24.4275862069,84.5517241379,257.5,8.5827586207,17.8789655172,24638.70583333333,115605.77416666667,46.92,26.1903225806,,,396.5,,,88.6774193548,,,9.1870967742,,,17.4119354839,,
Sumatera Barat,2024-03,26.6064516129,29.3483870968,24.2129032258,85.5806451613,527.0,9.0903225806,18.525483871,24638.70583333333,115605.77416666667,46.92,26.8413793103,26.1903225806,,257.5,396.5,,84.5517241379,88.6774193548,,8.5827586207,9.1870967742,,17.8789655172,17.4119354839,
Sumatera Barat,2024-04,26.7033333333,29.2933333333,24.56,89.4666666667,473.7,8.4933333333,16.803,24638.70583333333,115605.77416666667,46.92,26.6064516129,26.8413793103,26.1903225806,527.0,257.5,396.5,85.5806451613,84.5517241379,88.6774193548,9.0903225806,8.5827586207,9.1870967742,18.525483871,17.8789655172,17.4119354839
Sumatera Barat,2024-05,26.9870967742,29.6806451613,24.8,88.1290322581,421.6,8.9387096774,15.8106451613,24638.70583333333,115605.77416666667,46.92,26.7033333333,26.6064516129,26.8413793103,473.7,527.0,257.5,89.4666666667,85.5806451613,84.5517241379,8.4933333333,9.0903225806,8.5827586207,16.803,18.525483871,17.8789655172
Sumatera Barat,2024-06,26.41,29.2333333333,23.9633333333,86.5333333333,311.6,9.0366666667,16.9493333333,24638.70583333333,115605.77416666667,46.92,26.9870967742,26.7033333333,26.6064516129,421.6,473.7,527.0,88.1290322581,89.4666666667,85.5806451613,8.9387096774,8.4933333333,9.0903225806,15.8106451613,16.803,18.525483871
Sumatera Barat,2024-07,26.6870967742,29.7483870968,23.7096774194,81.4516129032,70.7,9.3225806452,19.5087096774,24638.70583333333,115605.77416666667,46.92,26.41,26.9870967742,26.7033333333,311.6,421.6,473.7,86.5333333333,88.1290322581,89.4666666667,9.0366666667,8.9387096774,8.4933333333,16.9493333333,15.8106451613,16.803
Sumatera Barat,2024-08,25.7709677419,28.6580645161,23.2096774194,87.8709677419,413.3,9.8483870968,17.6512903226,24638.70583333333,115605.77416666667,46.92,26.6870967742,26.41,26.9870967742,70.7,311.6,421.6,81.4516129032,86.5333333333,88.1290322581,9.3225806452,9.0366666667,8.9387096774,19.5087096774,16.9493333333,15.8106451613
Sumatera Barat,2024-09,26.16,28.8766666667,23.7066666667,86.0333333333,259.6,9.18,18.8346666667,24638.70583333333,115605.77416666667,46.92,25.7709677419,26.6870967742,26.41,413.3,70.7,311.6,87.8709677419,81.4516129032,86.5333333333,9.8483870968,9.3225806452,9.0366666667,17.6512903226,19.5087096774,16.9493333333
Sumatera Barat,2024-10,26.3,29.135483871,23.6064516129,83.064516129,396.5,9.4064516129,20.1825806452,24638.70583333333,115605.77416666667,46.92,26.16,25.7709677419,26.6870967742,259.6,413.3,70.7,86.0333333333,87.8709677419,81.4516129032,9.18,9.8483870968,9.3225806452,18.8346666667,17.6512903226,19.5087096774
Sumatera Barat,2024-11,26.23,29.1766666667,23.9233333333,85.5,300.2,9.2866666667,16.8893333333,24638.70583333333,115605.77416666667,46.92,26.3,26.16,25.7709677419,396.5,259.6,413.3,83.064516129,86.0333333333,87.8709677419,9.4064516129,9.18,9.8483870968,20.1825806452,18.8346666667,17.6512903226
Sumatera Barat,2024-12,26.1161290323,28.9451612903,23.9193548387,84.0967741935,337.1,9.3161290323,16.4816129032,24638.70583333333,115605.77416666667,46.92,26.23,26.3,26.16,300.2,396.5,259.6,85.5,83.064516129,86.0333333333,9.2866666667,9.4064516129,9.18,16.8893333333,20.1825806452,18.8346666667
Sumatera Selatan,2024-01,26.1225806452,29.8612903226,23.6032258065,90.0,508.5,13.4967741935,16.4483870968,45943.39666666667,228588.30666666667,49.75,,,,,,,,,,,,,,,
Sumatera Selatan,2024-02,26.1172413793,29.9862068966,23.6482758621,90.3448275862,440.6,12.9103448276,16.8893103448,45943.39666666667,228588.30666666667,49.75,26.1225806452,,,508.5,,,90.0,,,13.4967741935,,,16.4483870968,,
Sumatera Selatan,2024-03,26.6935483871,30.6451612903,24.0451612903,89.4838709677,329.5,13.3193548387,18.0074193548,45943.39666666667,228588.30666666667,49.75,26.1172413793,26.1225806452,,440.6,508.5,,90.3448275862,90.0,,12.9103448276,13.4967741935,,16.8893103448,16.4483870968,
Sumatera Selatan,2024-04,26.7533333333,30.7266666667,24.3566666667,91.8,393.8,11.1333333333,17.0133333333,45943.39666666667,228588.30666666667,49.75,26.6935483871,26.1172413793,26.1225806452,329.5,440.6,508.5,89.4838709677,90.3448275862,90.0,13.3193548387,12.9103448276,13.4967741935,18.0074193548,16.8893103448,16.4483870968
Sumatera Selatan,2024-05,27.0129032258,30.8483870968,24.5612903226,90.7096774194,316.3,12.464516129,16.0806451613,45943.39666666667,228588.30666666667,49.75,26.7533333333,26.6935483871,26.1172413793,393.8,329.5,440.6,91.8,89.4838709677,90.3448275862,11.1333333333,13.3193548387,12.9103448276,17.0133333333,18.0074193548,16.8893103448
Sumatera Selatan,2024-06,26.3833333333,30.3933333333,23.7133333333,90.0,254.5,12.7,16.5106666667,45943.39666666667,228588.30666666667,49.75,27.0129032258,26.7533333333,26.6935483871,316.3,393.8,329.5,90.7096774194,91.8,89.4838709677,12.464516129,11.1333333333,13.3193548387,16.0806451613,17.0133333333,18.0074193548
Sumatera Selatan,2024-07,26.5548387097,30.8838709677,23.3258064516,83.5806451613,98.9,13.4838709677,18.6280645161,45943.39666666667,228588.30666666667,49.75,26.3833333333,27.0129032258,26.7533333333,254.5,316.3,393.8,90.0,90.7096774194,91.8,12.7,12.464516129,11.1333333333,16.5106666667,16.0806451613,17.0133333333
Sumatera Selatan,2024-08,27.5193548387,32.4161290323,23.7096774194,76.5161290323,67.5,16.1677419355,19.24,45943.39666666667,228588.30666666667,49.75,26.5548387097,26.3833333333,27.0129032258,98.9,254.5,316.3,83.5806451613,90.0,90.7096774194,13.4838709677,12.7,12.464516129,18.6280645161,16.5106666667,16.0806451613
Sumatera Selatan,2024-09,27.7066666667,32.9033333333,24.01,77.0,125.1,16.0066666667,18.65,45943.39666666667,228588.30666666667,49.75,27.5193548387,26.5548387097,26.3833333333,67.5,98.9,254.5,76.5161290323,83.5806451613,90.0,16.1677419355,13.4838709677,12.7,19.24,18.6280645161,16.5106666667
Sumatera Selatan,2024-10,27.7258064516,32.7225806452,24.1,78.2580645161,139.4,13.4096774194,19.4177419355,45943.39666666667,228588.30666666667,49.75,27.7066666667,27.5193548387,26.5548387097,125.1,67.5,98.9,77.0,76.5161290323,83.5806451613,16.0066666667,16.1677419355,13.4838709677,18.65,19.24,18.6280645161
Sumatera Selatan,2024-11,26.5066666667,31.0366666667,23.8533333333,88.8,350.3,10.1666666667,17.44,45943.39666666667,228588.30666666667,49.75,27.7258064516,27.7066666667,27.5193548387,139.4,125.1,67.5,78.2580645161,77.0,76.5161290323,13.4096774194,16.0066666667,16.1677419355,19.4177419355,18.65,19.24
Sumatera Selatan,2024-12,26.6161290323,30.3483870968,24.0064516129,87.4516129032,282.2,13.5741935484,16.1603225806,45943.39666666667,228588.30666666667,49.75,26.5066666667,27.7258064516,27.7066666667,350.3,139.4,125.1,88.8,78.2580645161,77.0,10.1666666667,13.4096774194,16.0066666667,17.44,19.4177419355,18.65
Sumatera Utara,2024-01,25.5935483871,29.2096774194,23.0419354839,91.3870967742,442.9,11.2774193548,15.9232258065,32382.601666666666,170041.6825,52.51,,,,,,,,,,,,,,,
Sumatera Utara,2024-02,26.2172413793,30.2586206897,23.1172413793,88.8965517241,248.9,12.0793103448,19.07,32382.601666666666,170041.6825,52.51,25.5935483871,,,442.9,,,91.3870967742,,,11.2774193548,,,15.9232258065,,
Sumatera Utara,2024-03,26.5741935484,31.0548387097,23.3806451613,88.4838709677,269.6,13.3516129032,19.7825806452,32382.601666666666,170041.6825,52.51,26.2172413793,25.5935483871,,248.9,442.9,,88.8965517241,91.3870967742,,12.0793103448,11.2774193548,,19.07,15.9232258065,
Sumatera Utara,2024-04,26.9033333333,31.3766666667,24.0466666667,90.5666666667,379.1,11.51,18.2713333333,32382.601666666666,170041.6825,52.51,26.5741935484,26.2172413793,25.5935483871,269.6,248.9,442.9,88.4838709677,88.8965517241,91.3870967742,13.3516129032,12.0793103448,11.2774193548,19.7825806452,19.07,15.9232258065
Sumatera Utara,2024-05,27.1483870968,31.1903225806,24.4,90.2903225806,449.8,10.5903225806,15.8038709677,32382.601666666666,170041.6825,52.51,26.9033333333,26.5741935484,26.2172413793,379.1,269.6,248.9,90.5666666667,88.4838709677,88.8965517241,11.51,13.3516129032,12.0793103448,18.2713333333,19.7825806452,19.07
Sumatera Utara,2024-06,26.5766666667,30.9766666667,23.5466666667,88.7666666667,347.9,10.4433333333,17.4923333333,32382.601666666666,170041.6825,52.51,27.1483870968,26.9033333333,26.5741935484,449.8,379.1,269.6,90.2903225806,90.5666666667,88.4838709677,10.5903225806,11.51,13.3516129032,15.8038709677,18.2713333333,19.7825806452
Sumatera Utara,2024-07,27.0741935484,31.7129032258,23.5774193548,85.6129032258,150.6,10.1,18.4425806452,32382.601666666666,170041.6825,52.51,26.5766666667,27.1483870968,26.9033333333,347.9,449.8,379.1,88.7666666667,90.2903225806,90.5666666667,10.4433333333,10.5903225806,11.51,17.4923333333,15.8038709677,18.2713333333
Sumatera Utara,2024-08,25.864516129000002,30.1,23.2322580645,90.3548387097,574.7,11.0580645161,17.7161290323,32382.601666666666,170041.6825,52.51,27.0741935484,26.5766666667,27.1483870968,150.6,347.9,449.8,85.6129032258,88.7666666667,90.2903225806,10.1,10.4433333333,10.5903225806,18.4425806452,17.4923333333,15.8038709677
Sumatera Utara,2024-09,26.1666666667,30.3833333333,23.44,89.6333333333,484.6,9.9466666667,18.1376666667,32382.601666666666,170041.6825,52.51,25.864516129000002,27.0741935484,26.5766666667,574.7,150.6,347.9,90.3548387097,85.6129032258,88.7666666667,11.0580645161,10.1,10.4433333333,17.7161290323,18.4425806452,17.4923333333
Sumatera Utara,2024-10,25.8935483871,30.164516129,23.164516129,90.1290322581,575.1,10.3612903226,17.5322580645,32382.601666666666,170041.6825,52.51,26.1666666667,25.864516129000002,27.0741935484,484.6,574.7,150.6,89.6333333333,90.3548387097,85.6129032258,9.9466666667,11.0580645161,10.1,18.1376666667,17.7161290323,18.4425806452
Sumatera Utara,2024-11,25.5033333333,29.23,23.2033333333,91.4,597.8,10.0233333333,13.9026666667,32382.601666666666,170041.6825,52.51,25.8935483871,26.1666666667,25.864516129000002,575.1,484.6,574.7,90.1290322581,89.6333333333,90.3548387097,10.3612903226,9.9466666667,11.0580645161,17.5322580645,18.1376666667,17.7161290323
Sumatera Utara,2024-12,25.8225806452,29.5225806452,23.4451612903,89.1935483871,493.2,9.764516129,14.2064516129,32382.601666666666,170041.6825,52.51,25.5033333333,25.8935483871,26.1666666667,597.8,575.1,484.6,91.4,90.1290322581,89.6333333333,10.0233333333,10.3612903226,9.9466666667,13.9026666667,17.5322580645,18.1376666667
